"","Endothelial ACKR1","Endothelial RGS5","Endothelial CXCL12","CAFs MSC iCAF-like","CAFs myCAF-like","PVL Differentiated","PVL Immature","B cells Memory","T cells CD8+","T cells CD4+","Macrophage","Monocyte","DCs","Myoepithelial","Luminal Progenitors","Mature Luminal","Plasmablasts","Cancer Cycling","Cancer Her2 SC","Cancer LumB SC","Cancer LumA SC","Cancer Basal SC"
"Bulk_0000",0.063587170276704,0.0705778142881133,0.0613684014786867,0.0208616093408187,0.0305591280714469,0.0657974716068226,0.0469973510614363,0.0971968586721396,0.0074416501649158,0.0198994252678668,0.0827914216205385,0.000406187517756622,0.0267307952127302,0.0176259166835495,0.0785810933264272,0.0132415597185224,0.0983306268493464,0.0593607385243445,0.00674348929102859,0.0832523646757481,0.0451162801288833,0.00353264622217416
"Bulk_0001",0.0855714910794295,0.12692903240984,0.0742270492066854,0.0171110342334983,0.0154966075433483,0.0658441834621994,0.0714537873454566,0.140327165963761,0.0771114889893161,0.0723467621253114,0.0387844630007328,0.00792350676003017,0.0181620115632953,0,0.0415346332918152,4.06419540596994e-13,0.00426652593484014,0,0.0190744679371865,0.106978430546082,0.0168573586067655,0
"Bulk_0002",0.000511001416418957,1.70756182554196e-20,2.57418955870807e-10,0.02561197551192,0.00468956346066955,0.0355614686749696,0.070418095357855,0.010953249989211,0.053446936443858,0.0185197100755359,0.0321744648698763,0.0316348957429543,6.69228095192606e-08,0.0183721360613278,0.0599824454408585,0.00734318168276616,0.627380092965917,0.000168008722080582,0.000754130289859207,3.10911227047811e-20,0.00247857611369387,3.22912910709342e-22
"Bulk_0003",1.66162817098483e-11,1.05804324403658e-19,1.31907919086803e-13,0.0965811010348842,0.0475066629613042,0.0497417490478146,0.0785910762995702,1.60275884630432e-11,1.04822923037663e-11,1.58255335640792e-19,0.032892340766004,0.0244972480194256,0.00199537385771822,0.00155308639515759,0.0465595145986276,0.00836348080051755,0.508689295180323,5.55190536369469e-11,0.00783241195938811,0.0926651448476351,0.00253151413285322,1.44234941188704e-21
"Bulk_0004",0.0302857290890016,0.0488009899121206,0.0252742021161615,0.00648920512622797,0.00525625321619693,0.0795260465269908,0.0935528753997541,0.0777744092937415,0.029735795485111,0.00764748574197252,0.00112477551393494,1.42971014467061e-19,0.00598350665166071,0.00453955534746813,0.0673757765105584,0.0136171701574505,0.222783024071496,0.0565548719038241,0.0183993799270243,0.173219490719744,0.0320594572895596,0
"Bulk_0005",0.0574003657459051,0.0973070013595753,0.0792398178776539,0.0627656363569701,0.0468805524196885,0.0522968304606907,0.051191264826891,0.243005982479198,0.0664566365919511,0.0289463734888064,0.0630189613661336,0.0247505167461257,0.0122558844329483,0.0208952024916639,0.0420645408184974,0.0051055373414739,0.0352017799123722,0.000139193311381892,0.000809440432651804,0,0.0102684815394208,0
"Bulk_0006",0.00383547448971582,0.00361129755272895,0.00143484263614575,0.0355622417793221,0.0230307701163308,0.0278643877192991,0.064844003515828,0.0558638531035171,0.0070065289184721,0,0.010613907696077,1.47748945118485e-09,0.00545787382960074,0.0330608872083841,0.131394349666897,0.034951842941885,0.272868785925706,0.0853661426870402,0.0145214077946426,0.143515967196637,0.0451954337442813,0
"Bulk_0007",0.00184438609550743,0.00136829623116026,0.00571889846917386,0.066926516668529,0.0237500870072936,0.0109157816568202,0.028968867350564,0.0789968332860365,0.0662472996771715,0.0429540730250762,0.0317493064692411,0.0137514138670937,0.00893621573646593,0.0208901778490054,0.10456936985866,0.0337493476680146,0.173939318852483,0.0890238417726887,0.00796803123378262,0.132631945924202,0.0550999913010305,0
"Bulk_0008",0.000544944611942369,0.00858836536432817,0.00623200606769573,0.0144146424942007,0.00779357928175125,0.0179207339247101,0.0137266755341362,0.00672648322164203,0.0900543330968902,0.0320789886778807,0.0209980846567827,0.0124556499126588,0.0120662490476542,0.00104165662837153,0.0819401580177762,0.00477801060952948,0.30601403792856,0.064444912364258,0.0248874314384467,0.219429336907323,0.0538637202134613,2.57175140801747e-19
"Bulk_0009",0.0282634303494206,1.26151253704116e-08,0.0031314479678394,0.0278347454496071,0.0075076775259668,0.0329941936273594,0.0655411412382987,0.116841418764761,6.88317918133273e-07,0,0.0288182698674875,0.0341798890120397,0.00362207619386563,4.29541180979855e-08,0.0484943289990993,0.0138806007012941,0.515181396439847,6.93348548859395e-09,0.0249443574142128,0.0166429804905609,0.0321212951376928,0
"Bulk_0010",0.0213995900853309,0.00772339180466157,0.0191797009245299,7.07372890570739e-10,0.00214362801417309,0.00116182782060856,0.0055552536425981,0.101991828205892,7.10505635336166e-07,6.43580820673425e-07,0.0132782477697869,0.0160671926503325,1.83715864254897e-07,0.0425698526187269,0.0946582064899125,0.035358225015833,0.633790760067022,3.19756536852318e-08,0.000729763465878043,0,0.00428329808013629,0.000107662859231374
"Bulk_0011",0.00298552097757336,0.0191064325772704,0.0117462640230935,0.0537906928798927,0.0115296129439227,0.0363161287955084,0.0759457006657482,0.0826826732147243,0.0040953473093532,0.0119920831028936,0.0325867675549783,0.0189217280125087,0.0131837464046607,0.0292484599617303,0.116306163667059,0.0509715049404098,0.0232358758419063,0.113783403770289,0.0215147804501277,0.181214566023045,0.0819306317824647,0.00691191510084047
"Bulk_0012",0.0342518805221311,3.71515651329903e-08,0.0148374132340583,0,0.00330236564751925,0.0344319733810759,0.0585598922036054,0.0252964711211955,0.153376826539833,0.0981705896566602,0.0125083724004232,0.0224072032108041,0.00390083276894498,0.00443714236002555,0.0596045509254122,0.0208895598559738,0.421217499711401,1.60458034776187e-10,0.013452803642588,6.40921486314354e-08,0.0193545214141764,2.01049672056544e-20
"Bulk_0013",0.00396330829662335,0.00240120686185106,0.0093275828373936,0.0615855800263532,0.00136452366243898,3.99992367127897e-13,0.023798274201587,0.0185762000102855,0.0272100006647248,0.0249323270636192,0.0410614314359721,0.0158721240484642,0.0144973506964647,0.0302821289089593,0.130400567268512,0.0350581115283882,0.0790034359580713,0.138411983029919,0.0405385048903523,0.216623658001913,0.0803015366371148,0.00479016397059231
"Bulk_0014",0.0124057285457267,0.0239438848826142,0.0263941847610073,0.0386473398712562,0.0245668723192761,0.00737744481741755,0.0185225534686823,0.0144915730450536,0.030479283143522,0.000346585400078673,0.0523696045278055,0.0338770583830834,0.000779155995637625,3.81036539157715e-13,0.00854635248977238,0.00667404594387402,0.664787472308446,2.5154716935532e-11,0.00343094416633942,0.0323599158715879,3.32836334865815e-11,0
"Bulk_0015",0.0202942650525108,0.0281944108563585,0.0207214030237684,0.0464966687750721,0.025110190782713,0.00333797843452778,0.0203320393886947,0.0427551697145084,0.0100573790243135,0,0.0210575794164798,4.25120918063721e-21,0.0119077045399327,0.0233477452815009,0.0935358481025066,0.0216835266188079,0.308367661899633,0.0743593497052015,0.0198636364188632,0.15170959864217,0.0568678443224368,0
"Bulk_0016",0.00918200170866265,0.0237015829084366,0.0262323613237963,0.0144131725212238,0.0150899883877026,0.00961386427440199,0.00623903340341484,0.0293564517413312,0.107066169164968,0.115915420336211,0.0478363570538495,0.015515005370963,0.01059867548204,0.0412738470915064,0.135207290282783,0.0511035384074881,0.0834263003085976,0.0750669631453541,0.0158634811366519,0.0895036909809471,0.077794804969671,4.8164596353826e-21
"Bulk_0017",0.0384025359154026,0.0403587194122663,0.0341841925985225,0.0115627405356766,0.00526028551915308,0.0203632877952568,0.0358203413609378,0.0134199671174484,0.0886614442777172,0.0403537192443459,0.0232569607131459,0.027350585958673,3.32529497859365e-08,0.0181234897007707,0.04640356847789,0.00547040905282989,0.549639239900838,3.02751363295247e-10,0.00136845377711983,2.37515692605683e-19,2.44609029948854e-08,6.25401586398151e-10
"Bulk_0018",0.0369868255252369,0.0727616386368008,0.0378214327874367,0.00796583046127243,0.00651877299619173,0.0487687644548652,0.0611095974325579,0.222495047109803,0.158309218441687,0.0842415917380461,0.00990239566182607,0.00228650793172357,0.00690127933737677,7.61880972605913e-11,0.0163573668284313,9.17938464905636e-12,0.1622959591274,0.00957411002080901,0.00360234281781627,0.0423190609309595,0.00978225765391135,2.04797800950013e-11
"Bulk_0019",0,0.00280861338247154,0,0.0780227435997183,0.0144793036220557,0.0059683297475335,0.0358436316380686,0.144239573816261,0.178447808606505,0.160798403703707,0.0468464111756872,0.0113737440624892,0.00446411268966651,0.0107785514451606,0.064157237420238,0.00520793696094954,0.0431153688148477,0.06913697376392,0.00954296511108701,0.0736161445657444,0.0411521458738888,1.11465447172165e-19
"Bulk_0020",1.58872035341342e-07,0,0,0.0343200220214,0.015071486231752,0.0231218162897099,0.0367388087852022,9.32415607861646e-19,3.89546795580559e-07,0,0.00259474695374129,7.81654715030085e-08,0.00183076301279856,0.00575246783888657,0.0324365726077801,0.0210773629245057,0.810421301782855,1.497741904054e-09,0.00210112928712538,0.00710423816326028,0.00742865601893835,3.30903820817622e-20
"Bulk_0021",0.00118930974121407,0.000476759430408968,0.00149561951917299,0.0327502867257673,0.0154166736395807,0.0397798862651756,0.0845332041118978,0.012236160876645,0.00437151310863946,0.00209948601101252,0.00475139658117632,0.0038276859983749,0.00263579277604798,0.0288125657336541,0.112187160167084,0.0482043153100289,0.193435689416346,0.12094844928746,0.0251790160423343,0.170048343591783,0.0956206856661953,1.2767774622891e-20
"Bulk_0022",0.0087504556259892,0.0296690882945525,0.0122103592806488,0.018038607871222,0.00923061142571806,0.0217326712973037,0.0132285261886141,0.156818088301385,0.159429956606944,0.0619874612043355,0.0423125985929832,0.0376095661423387,0.00942679115946941,0.00926817985715535,0.0503508299897608,0.0131808979477518,0.298402928034778,6.56099076065508e-10,0.00598051804180181,1.22129864536365e-09,0.04237186225985,0
"Bulk_0023",0.00446472717547944,0.0123076506145941,0.00611293594512226,0.0435065469249978,0.0138441171434943,0.00449226627620339,0.0194979690072308,0.00126629060740225,0.042242386386241,0.0160431471185043,0.104294780937824,0.0442469381167495,0.019545977399412,0.0155110489768472,0.0717569413231963,0.0208808814589041,0.372033288017567,0.0414451320488009,0.00993889709151904,0.0892129583210135,0.0473551191088968,1.32275371062951e-19
"Bulk_0024",4.76201701972565e-20,9.55589974154962e-10,2.27374221590937e-20,0.0384216931024664,0.0188586852558371,0.0187710917655324,0.0268928077669456,0.133001974582876,0.0290667719437555,0.0223903592930723,0.0107909617406396,0,0.00491440748773883,0.0259994144534197,0.107365754886805,0.0306474718939882,0.273796928038375,0.0677719421515361,0.0160330968034002,0.137421588286784,0.0378550495912383,0
"Bulk_0025",0,1.17121073877339e-19,0.000113007464657806,0.0161277664527035,0.0133535061961331,0.0110725095737274,0.0242953464040579,0.0381012381714212,0.00375908117919792,4.58038378386089e-20,0.00292526003368704,2.38904839174125e-15,0.00875012639087521,0.0411172080523077,0.17087322276431,0.0367282001092803,0.0710138907590868,0.184635139639052,0.0253332008469991,0.250533487788758,0.101267808173742,0
"Bulk_0026",0.051747330352944,0.0751015024247837,0.0535060251839748,0.0394473546151508,0.0160994928451228,0.029567004721757,0.0251254690269378,0.022420121108247,0.00122339922635676,0.000227013741058586,0.0670825434224233,0.0416739251494888,0.0217285983368911,0.00596931478368998,0.0704917305928796,0.0167633034687612,0.283135189104962,0.0378049686552165,0.00999374330935238,0.0844157970262017,0.0464761729037998,8.73312596854732e-20
"Bulk_0027",7.38034169747943e-21,7.80903764841647e-11,0,0.0086916368996565,0.00398107618242102,0.147820985140695,0.206678606870672,0.0197034964909838,0.0851868032566791,0.0313947208312393,0.00826385982110954,0.00896182819149156,0.00406145365708424,0.0303691859309419,0.120522125858361,0.0543018673840516,0.168482432911061,0.0199696533944971,0.00341703406753257,0.0363248564567945,0.0418683765766389,1.04745938074347e-20
"Bulk_0028",0.00709716963352628,0.00636685733348403,0.0138182157982138,0.0548698605000632,0.012742079831603,0.00205898536872975,0.022942646572819,0.0070039259434164,0.0068634040653117,0.00441705478140154,0.00427596640935269,5.3900987554247e-22,0.00213717132801484,0.0276052293493288,0.132578429011555,0.0448773586033432,0.164117778727436,0.147004644851414,0.0362587536861124,0.204479370134839,0.0984850980542528,1.57826298751813e-11
"Bulk_0029",0.0193083611708274,0.0187888966448528,0.0164846983519847,0.0062720522300242,0.0105008079209126,0.127867676561036,0.179827812548176,0.0652914163992116,0.0213837081485909,0.0179819993897473,0.0177081991395202,0.0100635823120976,0.00911700262795533,0.0277791758649225,0.0898114242451776,0.0282400633043712,0.10231180847602,0.0559211542513836,0.00974038150257979,0.127546004586601,0.0380537743240084,0
"Bulk_0030",4.03189488708151e-10,9.54632197793688e-10,0.000301523237855534,0.0579988459265827,0.0179018666136147,0.0213085448940624,0.0171433653819077,0.0605928717817939,0.108849055219077,0.0326167499577802,0.0160593788181392,1.39934478128345e-20,0.0121387012566053,0.0114987120293841,0.0765173658982174,0.0205949249497419,0.197103543811298,0.0802270268702492,0.0222766904341126,0.183725372779851,0.0631454587819052,0
"Bulk_0031",0.00736477114216473,0.0173248839462137,0.0197794871876741,0.00845795483829883,0.0085092308747537,0.149011567428003,0.196461187568944,0.276413640658544,0.0425720018085071,0.00892178894142918,0.0227480724189475,0.0134410957688115,0.00538016109601321,0.022665720671181,0.0582833088364951,0.0225855536564724,0.013225072905575,0.0284955632841043,0.00174190727783824,0.0316405697326401,0.0449764599573891,0
"Bulk_0032",0.043619310726991,0.0411747855393444,0.0393813123837702,0.0541295211129862,0.0193705209208884,0.00353931602129268,0.0111615044903975,0.0481223033725279,0.0413501806856677,0,0.00683673306992902,0.0066156623065148,0.0042898643351838,0.0180558300288826,0.0912212359305575,0.018774262914416,0.421137686517278,0.00315667056931303,0.0117261122233436,0.0856073712406258,0.0307298156100899,0
"Bulk_0033",0,0.00506028322655656,0.0012866031458628,0.00377755364043798,0.00823633609698229,0.0461047604970413,0.130126770032742,0.099215344664605,0.0259866639799863,0.00221212681908582,0.029321387407365,0.00194629735111062,0.0154506150527083,0.0189805737819663,0.0940360622096642,0.0233583245718803,0.123357824925131,0.111101181685538,0.0161568704073996,0.180965093805814,0.0633193266981228,3.67546726621506e-19
"Bulk_0034",0.00253963949961458,0.00574679916993268,0.00408134723748018,2.13918004954582e-10,0.0040842507064728,0.0782807680612589,0.0868479007532102,0.014790879731087,3.25462051988237e-10,3.06116188088244e-21,0.0402255247643147,0.0175031404294015,0.00769742497480558,3.00928874044499e-11,0.0648951086001595,0.00869096939450319,0.51329832260094,2.87027168531261e-08,0.0156315904138419,0.135686303621496,7.692922816496e-10,8.11077913081987e-20
"Bulk_0035",4.49143037618686e-20,0,8.66997013004487e-20,0.0529652056579037,0.028994468777752,0.0124059042158036,0.0490853598002782,0.0181493881941234,0.0171409391818797,0.00728230641086133,0.00481836766426618,1.4683387032585e-20,0.00218578015534235,0.0429308544714683,0.176516159594459,0.0370321028088433,0.096556533415199,0.144932693815689,0.0265749768389482,0.252963379494092,0.029465579503091,0
"Bulk_0036",0.000624585812612203,6.06791619422811e-12,0.00560161830008013,0.0200177134196245,0.011274872726896,0.0169022469586172,0.0367573558005284,0.0515647057361688,0.00949769547329056,0.000840107628595929,0.00179894023071695,0,0.00712284144445361,0.0398340408296994,0.132856290395242,0.0511180272901448,0.157743047572684,0.125430873768692,0.0258968722454771,0.210576772945505,0.0945413914149029,8.249234170433e-20
"Bulk_0037",0.0665911639421432,0.0248641223368644,0.024730539069506,0.0563877567226606,0.0334363802334195,0.0770772705612774,0.100036029276704,9.3186850856516e-12,0.0243125485817382,0.118477366546313,0.0179826191813517,2.60207643855127e-14,0.0293366011587587,0,0.0905253103274774,0.0183097612419519,0.00282163025983392,3.03558673420618e-13,0.0610800587475379,0.174831082871074,0.0791997589317313,7.8788132740879e-15
"Bulk_0038",0.0671788341475695,0.094193909666112,0.0782041723349274,1.55594436871347e-20,0.000383348634167955,0.054852405412142,0.0453816538011522,0.0704435477674062,2.79571240058465e-07,0,0.00733539431636715,0.0099701679362494,4.76019077260924e-08,0.00578830397117617,0.0584367618079177,0.0222367652731486,0.458460438755563,5.86762404239009e-09,0.00388384557876915,0.000299194504257809,0.0229509230523022,2.48547685344988e-20
"Bulk_0039",0.00252141624674751,0.0119319230117248,0.00297835663678497,0.0863193106376061,0.0370338323400024,0.0353420621007733,0.0287220161956978,0.11421149058841,0.0273019297212631,0.0111675639421902,0.00580298903987488,0.00241978390192269,0.00382416681262176,0.0165309864352494,0.0943467195640258,0.0270116417771457,0.315565320952955,0.0112487688657645,0.012486760416132,0.125255635414486,0.0279773253986226,7.69930945226119e-20
"Bulk_0040",0.00454807207335559,0.0125121821642982,0.00982430959366594,0.0100748624424583,0.015143474778548,0.00375099752083915,0,0.00337533285874869,1.16130512753187e-09,0.00293137133394602,0.00197295028535932,4.68449652558422e-20,0.00832857230286423,0.0307347863771431,0.170589714139468,0.0353438598797572,0.165465704897485,0.165775009473984,0.0309352268038528,0.236047582098068,0.0926459898148539,2.33292439561765e-19
"Bulk_0041",0.00167439058569223,0.00473906697076756,0.00417106180478544,0.0402221699349677,0.0276919473210167,0.0244411003174596,0.0443191089122915,0.101960735013704,0.0131176684808875,0.00726976310033611,0.0582141122629204,0.0146943236491907,0.00908205257402109,0.0182224001087084,0.0808097491307646,0.0212457439392165,0.296753139824097,0.0707943369104245,0.0126493799915346,0.103754571157618,0.0408350018503185,0.0033381761592773
"Bulk_0042",0.00235919850860939,0.00635769855895586,0.0142738007630055,0.0539926701992053,0.0313381593766292,0.0260537759478745,0.0553847663962718,0.156310706592191,0.0450178288711323,0.0235111938291372,0.0462083596476926,0.0115706532620855,0.0142845811216791,0.0269529716665665,0.106858318202485,0.0340364545089314,0.065534166192386,0.0839584833728099,0.00981366798501951,0.140270651739829,0.0459118932575031,3.25702708091898e-20
"Bulk_0043",3.53721693837956e-21,0.00157722153342883,0.00568051103575908,0.0735775747893474,0.024222928497461,5.23798390982498e-20,0.025546827490992,0.0301038249668203,0.0168599003072154,0.00559013668509527,0.00547340117318829,1.19137028691779e-20,0.0031530505952298,0.030412882044188,0.159654050462814,0.0534701249865403,0.0272499726336285,0.174354430541344,0.0333785261673756,0.225266730784437,0.104427905305137,0
"Bulk_0044",0.0802206242970113,0.0735325262125322,0.0744849726779502,0,0.00229360230615135,0.0407813733612594,0.0415294081305664,0.121663055687954,0.00144831620951918,0,0.00314190573837285,0.0142927559364173,0.00146017674161984,1.65367074878685e-19,0.0308662917245823,0.0151080363619732,0.471664695182369,1.40048023240726e-11,0.015281133379053,0.00688795639637398,0.00534316897542021,6.66869823044292e-10
"Bulk_0045",0,0,0.00258794021270413,0.0640177821939613,0.0287800467047048,0.0276315312057933,0.0414901558427175,0.0240432646416544,0.00998338562154596,0.0105359168245298,0.00291840570673986,0.0012356326546511,0.00344373655396206,0.0340801194108082,0.179686801396541,0.0459032207616269,0.0120230447472963,0.16169917414947,0.0356234211272087,0.243451950226616,0.0614732362888162,0.00939123372865197
"Bulk_0046",0.0547369389283512,0.0560607548657767,0.0247879089077461,0.0640864974936377,0.0393109115750825,0.0968764385723076,0.103218444760783,2.53834495665053e-09,0.0450535569382026,0.124438177994181,0.00778314787651401,9.1917369574792e-10,0.0406243954649913,0.00684988886731657,0.143841192831139,0.0460336437126852,0.00899968942628968,0,0.0266379941990233,0.0189006244682252,0.0917597896602292,0
"Bulk_0047",0.00490243187496138,2.45287934505212e-10,0.00352414159663564,0.0353885533568372,0.0197279758584057,0.0156095386601756,0.0395550513209232,0.0119051945307943,0.00899342505737858,0,0.0528028084125052,0.0267325059324241,0.0163529203112866,0.0266896374165572,0.0853869457937209,0.0385109816018636,0.26968193856351,0.0756687356167675,0.0217364389609337,0.181714193514094,0.0651165813749375,0
"Bulk_0048",0.0291123009011876,0.0120927738283881,0.011974051692828,0.0484775797442905,0.0226182318336383,0.0327670876173778,0.0856127810055227,2.64052207715898e-07,0.00772728111411724,0.136979539144514,0.0340358414714648,0.020788077626795,0.0400459633783197,1.016848366581e-18,0.165063984345743,0.0252677601033899,0.00447496103397719,1.91321995361924e-08,0.0653252303867687,0.127372420159398,0.130263848823576,2.60429613963677e-09
"Bulk_0049",0.00430838008970072,0.00303639958656251,0.00872856047577251,0.0705208744167551,0.0452641673304613,0.0123885834426223,0.0238825786789382,0.0670923576110625,0.0186921111026191,0.00543452160376667,0.00615233892906659,4.88179060721851e-20,0.00728114131115771,0.0112695303748638,0.0911653326925053,0.0309219663241183,0.272045409030542,0.0909382275205837,0.0158905899412633,0.156616401907897,0.0583705276297419,1.44898310869928e-19
"Bulk_0050",0.00755578585491595,0.0153043621920317,0.0088512887017198,0.0322188534594318,0.00965186759851559,0.0344746772886089,0.04375387978102,0.0130669856103609,0,0.126468088998691,0.033056167405346,1.02729578643273e-18,0.0387682404240576,2.31921599214913e-18,0.123858208460486,0.0145514045417105,0.00125836684042945,2.75740329566047e-12,0.0708202006737828,0.365978970474411,0.0603626516853146,6.40898147095614e-12
"Bulk_0051",0.0499917040283134,0.0711627384722281,0.0357647442833621,0.0513368679133964,0.0261786097197795,0.108792162178836,0.0679528130350856,0.0185277308761227,0.0460755973982766,0.126961685798857,0.017800515795542,7.28751641473101e-10,0.0230060460568735,6.46837765117383e-19,0.091124718940207,0.0179675727041804,0.00356804297118834,6.33178959546149e-11,0.04867975404923,0.152967115467493,0.042141579518959,1.23495614195621e-19
"Bulk_0052",0.0059928157164528,0.00634018397527326,0.0135491517853911,0.0012695163463925,9.96683280322034e-05,0.00551832807437178,0.00954859355590972,0.114196962300197,0.00305743433983643,5.31967062593776e-10,0.0698205287573904,0.0346033492363938,2.55822061818673e-10,0.000791593246719904,0.0284839345089364,0.0162157766518077,0.658934861200947,0.000670443078303127,0.00383592141446882,0.0160646258031838,0.0110063108922031,4.39205931450137e-21
"Bulk_0053",0.023859945333878,0,0.0288128789327098,0.172525208466123,0.0580491359847663,0.00627582400607687,0.0328245646463569,0.0478211808958176,0.0365372179429556,0.172315976510744,0.0425478664314439,0.0424725414278356,0.0393864072397662,3.79624559719571e-20,0.0954564906783603,0.0213542792418458,0,5.22941855241361e-17,0.0217977273969491,0.114102695368518,0.0438600594958531,2.64795235747889e-20
"Bulk_0054",0.00139952441121792,2.15360693372761e-13,0.0028285244506717,0.127177290722016,0.0498631873172637,0.011177948054031,0.0236831076706984,9.29411231468129e-13,0.0641413369120786,0.034598443782626,0.0043924483606677,1.26861735290609e-12,0.00312672612445365,0.0230243085793509,0.123034268533971,0.0515426089071149,0.335488954852352,0.0159098183993139,0.0102592297779483,0.0829827046950542,0.0353695684467573,1.39994894686862e-20
"Bulk_0055",0,9.31753030068443e-14,0.00181978863740915,0.0110811954594436,0.0236163419026039,0.0178987075918239,0.0348522356506712,0.0129796966379048,0.0296446325402625,0.00152823744258204,0.0103657583365074,1.74393752051723e-20,0.00644898649483119,0.0351947210096947,0.140002654922159,0.0343178373063983,0.125015287509994,0.145659025917138,0.0273113254564533,0.227748202939009,0.11451536424502,0
"Bulk_0056",0.0236580630126432,0.0287356278110769,0.0336611787781046,0.0274207938603449,0.0102261183897926,0.0264198231168236,0.038745546212185,0.00830403132460563,0.259183242308658,0.133615184195908,0.0237819341545592,0.0225138748905874,0.0133648293582172,2.73985949785628e-11,0.00993479549007304,0.00780914501699706,0.263564755434637,4.49617996379431e-11,0.00747258539598821,0.0615884710749572,1.01480629417752e-10,1.37824976540188e-19
"Bulk_0057",0.048636347321664,0.0615353616943433,0.0443531260293476,0.0198839194518367,0.0108785664851539,5.79685591913328e-09,0.0130935828363374,0.143918795904393,0.0822223886751623,0.0348173542217276,0.00512375926086826,1.08729430093484e-09,0.00765196272398264,0.01008361626869,0.0541544436097868,0.010434435808894,0.224529260674496,0.0537659189934421,0.0148311458972801,0.11989806915399,0.0401879381044539,0
"Bulk_0058",0.0258975715390342,0.0267914587637025,0.0342666963985806,0.0127136258742276,0.0159195648955501,0.00903844742284037,0.0428957690966259,0.0650859109913443,0.0311286621910008,0.0186811824395187,0.00959729590115094,0.00280043152503916,0.00467685395842695,0.0324269074027064,0.136652827279431,0.0304183697161835,0.0736990951084106,0.130483957334535,0.0223872641452339,0.20577951903997,0.0686585889764882,3.7522895721683e-20
"Bulk_0059",0.0078813498443548,0.00801716976837457,0.0220662515604167,0.0115335090297871,0.0105911343758727,0.0507732188145085,0.0603175879517428,0.144589763196532,0.0458343320021392,0.0119351016522212,0.0514359537571241,0.0355579162501823,0.00794106822829366,0.0434912985929599,0.120564438899386,0.0627414014949897,0.196159088346491,0.0339392666920343,0.00258327013467783,0.0511928788913434,0.0208540005165686,7.44988316888735e-20
"Bulk_0060",1.14739414153478e-20,0,1.63502284236393e-11,0.0313768826857894,0.0105354285932346,0.00335634509877301,0.00667403708236846,0.074623999701072,0.0400882759939667,0.0143879552821907,0.00964903030986048,0.000278261998357473,0.00413998146415332,0.052148871427353,0.17096386840629,0.0631301848144655,0.0362702483352388,0.16267393236844,0.0231715041323934,0.16847650754235,0.128054684747353,5.46520468614699e-20
"Bulk_0061",0.012182836510852,0.0156408097580774,0.0227681906245475,0.00865983020221153,0.00612341373923819,0.0042513435890931,0.0309665646763842,2.93423507501535e-08,3.43986575945764e-07,2.11638857383102e-19,0.00371202419641097,0.00483992993225263,5.33606436988705e-09,0.0170840313702019,0.052977723148452,0.0176696115312464,0.78482005371151,8.51726774564377e-09,0.00218636914922865,5.69614311393962e-08,0.0161168237166036,0
"Bulk_0062",0.0115118372356394,0.00933528132479202,0.00875183186983858,0.0193415728669648,0.00806760818728901,0.0226922447213708,0.0324215911473727,1.51629642563549e-08,1.44187093462206e-07,0,0.0226266233896645,0.0121225499871638,2.10709902533907e-08,0.0142780561646084,0.0315693996707797,0.0126977811685713,0.794582471578688,0,9.63778533278529e-07,9.79570044516303e-19,6.48767581168274e-09,0
"Bulk_0063",0,2.78878139878333e-21,0.00978533668530912,0.0131664045498211,0.0160639117828498,0.00606337010549303,0.00306942940837977,0.00806862559440235,0.00714665854789844,0.010050139766916,0.00711306621901421,0,0.00603233956747843,0.0542813401978714,0.196937465204692,0.0486972249152148,0.06562069463983,0.173624215547773,0.0351081262114472,0.195942825198833,0.143228825856776,1.06022654379853e-20
"Bulk_0064",0.0244746111580528,0.0210651026767709,0.0175183146618004,0.0331544252952124,0.0158804504327475,0.00519221801603113,0.0203094146076575,0.0448996817104325,0.0224612874003164,0.022394511559213,0.0117145727474825,0.00389546016795373,0.00351374325591371,0.0212305285719311,0.0743622429270156,0.0272533346835201,0.374964957324867,0.0651335926483686,0.0126368127945502,0.134128359402541,0.0406872730501555,0.00312910490746626
"Bulk_0065",0.0097489267980956,0.0304559103548885,0.0155851286903037,0.000445216813788234,0.00147908753779119,0.0536840020965104,0.103743497133819,0.0355725793626956,0.184348277526877,0.0965361012290364,0.0463675421690165,0.00677053458375718,0.0105730706423271,1.20725130281641e-10,0.0279524953723579,0.00109011344535972,0.317574560100876,9.4034102856792e-10,0.00418600159328388,0.0538869521535207,1.33462915150489e-09,9.02149914347116e-21
"Bulk_0066",0.000740256303999187,0.00774488098043256,0.00021667791132882,0.033468736214552,0.0119356127841118,0.0723411304050631,0.0550418955238432,0.00742758569968203,0.096750261244989,0.0628491965034103,0.00417731315446243,0.000137197248353974,0.00857566097732825,0.0343573226222091,0.141600474922924,0.0375221561514109,0.154014856576341,0.0676596819744851,0.0145584353581571,0.12877125328305,0.0601094141598664,0
"Bulk_0067",0,0,1.60969656928513e-21,0.00835953822519739,0.00434868598533581,0.0175746735170064,0.00233424937016126,0.203657172946519,0.0254792858464846,0.0172713614829604,0.0248586507042011,0.0163938484727497,0.00199776180601032,0.0690485941407194,0.253818097315985,0.105163930564853,0.0779022531522727,0.0492480183774433,0.00456296529082048,0.0714610822145583,0.0465198305867218,0
"Bulk_0068",1.01563035373579e-19,0,2.95447014401273e-20,0.0152949663059681,0.0236686275560881,1.81341852319218e-09,0.0416758922346417,0.0620407547840862,0.0201933509660125,0.0055007033189413,0.00569024064154388,0.00123183787531629,0.00239781615570848,0.0214435640168794,0.1494962389483,0.0295600746965688,0.0873281023033338,0.16269688095163,0.0416999562104681,0.293305725198116,0.0367752660229792,0
"Bulk_0069",0.0970264287045085,0.0336774914098487,0.0460228145321856,0.122877743014425,0.0675336203947456,0.0317413152779257,0.0865096634946621,0.140463692936166,0.00255420432631094,0.00767103018771506,0.0254441439419489,0.0295066739719834,0.00282030829707622,0,0.0414482606256175,0.0119127678300881,0.128134799133081,1.97513786652755e-10,0.0301491373655768,0.089183787540171,0.00532211680491633,1.35335020109777e-11
"Bulk_0070",0.0040761073536096,8.07734231424016e-13,0.00141238342130097,0.0184053987575334,0.00850357990036783,0.0131641649534298,0.0111730154872478,9.42294407959193e-19,2.44307027289595e-12,1.1601909589175e-18,0.00105697982866628,0,0.00379862204459489,1.56732907938135e-12,0.0421868622730961,4.17517132859384e-12,0.717093572320329,0.0158366297656223,0.0163241281916608,0.121260726354394,0.0257078293391538,7.74173269723513e-20
"Bulk_0071",0.00350268244897523,0.0153434929971946,0.0133917193975994,0.00124317818333798,0.00880152751450116,0.0193060578094695,0.0187702149160665,0.0363556480527871,0.00737487806634961,0.0127143812168283,0.0187561040436099,1.52261748743563e-11,0.0105717346235697,0.00344207714975938,0.115171100538106,0.0257847912665597,0.256432949091108,0.0944515288323285,0.0308311961812612,0.246179200866298,0.0615755367890639,3.17978736350029e-19
"Bulk_0072",0.00427406704428769,0.0167987142297909,0.0160354319115402,0.0276363640971058,0.0131493288205093,0.00493651615892231,0.0250276615926697,0.00636078143408698,0.00753917535996446,0.00292042175783305,0.00745429596525184,0.0032340172677792,0.00900631123052596,0.0312403844691052,0.149146170404168,0.0352894011245161,0.0920673546614378,0.160192271014077,0.0332763840757791,0.214052314949632,0.140362632431017,0
"Bulk_0073",0.0182122254428418,0.0269940209590665,0.0129373315063772,0.0122529636968723,0.00825452829067495,0.0146675644808006,0.0319717405220465,0.027417725887266,0.0437098191879221,0.0133158379585708,0.0277732032986382,0.0246008564456449,5.55838724377533e-08,0.0335732541960919,0.102411980722219,0.0315333087111012,0.47811281317213,0.00693160042356835,0.00545637049428213,0.051202900581181,0.0286698984388319,1.86326949697314e-19
"Bulk_0074",3.04576851013539e-08,0.00741824262261032,0.00120212783501588,0.00535730346313812,0.00449013040325725,0.0661620073435491,0.106233261195538,0.0401462813368234,0.058903890768089,0.0307693067001448,0.0299851706036907,0.017458623420868,0.00784035207211665,0.045366083381288,0.163895679406745,0.0581318166104414,0.212678809444227,0.0378780537882172,0.00437083865685108,0.0452135785618622,0.056498411927842,1.01218826802953e-19
"Bulk_0075",0.00715561937886438,0.0140074540054304,0.0209800867512405,0.0162472270689039,0.0120214676659892,0.00897940932455919,0.0299848011692424,0.0381185205716354,0.0364716134673988,0.0132079978978685,0.023759856865863,0.00458997781154288,0.00573624720962404,0.039228593690513,0.172771616081107,0.0406030937637543,0.0507006000900022,0.154894147510275,0.0274654262252398,0.162476813057791,0.120599430393155,1.01730992029381e-19
"Bulk_0076",2.87919962346014e-09,1.05040546738316e-19,0.000187504339378593,0.027296402732971,0.0140994268290295,0.00960473743448413,0.00273147760967302,0.100484314874286,0.0286403342310132,0.00505544854700354,0.0350043500799827,0.00401960500000894,0.0116103834075903,0.0297092868071256,0.100960694975345,0.0283827776094273,0.293131950183289,0.0668607181079581,0.0208918053859911,0.151022891302986,0.0703058876632572,1.70074255291391e-20
"Bulk_0077",0.00179948221473275,0.00874878611696434,0.0111666245108885,0.0233254603884358,0.0219825765895294,1.59651490067461e-11,0.0238713114506954,0.0181177842594489,8.08920440258597e-21,0.0137067061307074,0.00189519200558801,0,0.00745681543971618,0.0323962789623241,0.181685941438319,0.0405758094386646,0.0724555768723357,0.176801060917507,0.0358997670433197,0.207874677850591,0.120240148354267,5.91298192421487e-20
"Bulk_0078",0.0322998464469869,0.0472712048448574,0.0320153513663451,0.0153396245968709,0.00751219496264971,0.0340159019964811,0.0544073457718887,0.0810715971656561,0.00996869358506238,1.88851265196167e-09,0.011524851163297,0.0101654471276403,0.00590450991571083,0.0182328833508636,0.103719043189247,0.0278434816301605,0.286907270644763,0.0571702047466301,0.0122292607957215,0.129909623983213,0.0224916608274421,8.0813020654087e-20
"Bulk_0079",0.0108166478456135,0.017777724528583,0.0166724255384252,0.0280710366287972,0.0156972454278113,0,0.0206785113776842,0.102841826981052,0.00660255845373007,0.00291723563085835,0.00297071378241561,0.000564508452781303,0.00399939187331681,0.0391489006322856,0.158129362918724,0.0419095381662337,0.00277027360907869,0.176713911410888,0.032387061199336,0.192886311479189,0.126444814063197,0
"Bulk_0080",0.00363109935978577,5.20114643329414e-13,0.00560769463152712,0.0568017527795718,0.0256814478458926,0.00366348206423859,0.00675802076493814,0.0593300170031082,7.35800341555538e-12,0,0.0161841915480274,3.70886627612007e-13,0.00502252699511281,0.0105792616932732,0.0610773839603952,0.022054363865458,0.53926731051637,0.0157388487926489,0.0150273308687258,0.13733188840302,0.0162433788996571,5.76648825492446e-20
"Bulk_0081",0.0283569904324595,0.0383786784594506,0.0397857571974996,0.0486251649184293,0.019461054614992,0.0329836130316353,0.0672643156286216,4.5869786296214e-08,2.13994591159292e-07,1.30071830663608e-18,0.0244557011735779,0.0319535330059355,5.65786250136168e-09,0.0233324482117118,0.0659425784766589,0.0130226827714863,0.554496748464947,1.71333993357484e-10,0.00112687857627312,3.9137204096762e-19,0.0107913543390186,2.22350037295957e-05
"Bulk_0082",0.0277370936544901,0.00236643366414352,0.000350104143656558,0.0706040326358933,0.0429491775417907,0.132628536681251,0.196131360763642,0.106204786601508,9.36236046519662e-08,4.30758264429392e-08,0.00211603029516106,0.00293488049486078,3.091898727587e-05,0,0.0422991877350246,0.00354900658850815,0.326143464336372,0,0.0133904314372606,0.0275740787045103,0.00299033772361394,1.31160699840813e-09
"Bulk_0083",0.0228294766687468,0.0174515838747512,0.0228749774912604,0.0379039146937585,0.015094463817984,0.0374122428888802,0.058039232720481,0.00814512953392657,0.0205421698399278,3.60641043128112e-20,0.0874258303856699,0.0588659051373526,0.00298072540295044,0.0145673715633077,0.061313186502983,0.0295467027462597,0.46738119485353,5.94594576806379e-09,0.00625199146309166,4.2111750288098e-08,0.0313738523574423,0
"Bulk_0084",0.0316836724826931,0.0332796092663817,0.0494270098933541,0.00192258787101385,0.00819695524545173,0.0193428979654258,0.0395582192927208,0.0514751519203348,0.0459251445174432,0.0319608433708711,0.00930895902323074,0.00168022538519871,0.00552914331425796,0.028428074315579,0.119574638059534,0.0437408037438881,0.0400582526147575,0.114308092609531,0.0230859953731773,0.211019543686454,0.0904941800487019,0
"Bulk_0085",0.00520030845318592,0.00697980113191596,0.00145764814478232,0.0210506654275827,0.014218458163865,0.0258663316882578,0.0274548011964205,0.0160154107352716,0.286177868971369,0.194390202060478,0.0114586753099426,2.27289374112711e-20,0.010046447421148,0,0.030403551776727,5.80674540487792e-07,0.24893230678709,0.00945219009417182,0.0105621288485653,0.075964971988417,0.00436765112626822,1.38149849615043e-20
"Bulk_0086",0.00777313994487194,0.0126395427988312,0.0241988377733886,0.00178954669184461,0.00136465782537409,0.00604669502124929,0.012031096373625,0.486936319162412,0.175198536366669,0.0723063990017268,0.0227039502424235,0.012444348050354,0.00820468189866624,0.00448942186286603,0.0239887421698661,0.0127168909116251,0.01854834854666,0.018100324774882,0.00594816045358765,0.0455197405375623,0.0270506195915144,0
"Bulk_0087",0.0249199358173648,0.0285309593076343,0.0100054228687495,0.00420708336190058,0.00596102687791477,0.0513906004996355,0.0957788896884972,0.00338637668822756,0.0249687592782691,2.31318031050568e-19,0.0276198335129089,0.0174552080698044,0.00636344751766839,0.0363348646147788,0.141704787637343,0.0556415174967409,0.192031509668003,0.0800298475742368,0.0100857245268338,0.114163260870159,0.0694209441233292,0
"Bulk_0088",0.030457660834728,0.0131139231875926,0.0142071270463949,0.0127809469291393,0.0177695665443809,0.110148811221043,0.0764590884182647,1.75750587985438e-09,0.0390626290524045,0.0922806850715566,0.0119544216841413,3.28675429951175e-19,0.0240678246383515,0,0.0982813656766388,0.00434868050778235,0.00127222053447949,3.58210168999473e-11,0.0551575123369632,0.374891808841489,0.0237457255983745,8.29486399319004e-11
"Bulk_0089",0.00283374729478744,1.88157906542755e-11,0.00552153651198188,0.0648975192530389,0.0235966414016912,0.0309944396603846,0.0789912062243151,0.0491986551362921,0.0198937116636079,0.00398919591093652,0.0113331752853905,0.0145839288340355,0.00912564665004869,0.0112936868916008,0.1243856819571,0.0361718681708681,0.10986932057207,0.111888553034668,0.0227136176925602,0.168164884735083,0.100552983100725,0
"Bulk_0090",0.0189751921845131,0.00138846931638782,0.0105070473734528,0.0297003216378432,0.0242963233578886,0.115391586922532,0.0969893044014169,9.83723574359125e-08,0.12022002186259,0.173582922567258,0.0159173017903994,6.76048383683517e-08,0.0121252568908376,1.08943387374387e-07,0.121037025776597,0.0199249870676994,0.00293210003461391,4.56416312013248e-09,0.04881140268046,0.0988292251440646,0.0893712315067004,1.46846989530763e-20
"Bulk_0091",0.0102649675549687,0.0124111551741375,0.0158319369160095,0.0570136364984396,0.0281761988969724,0.0160427619111922,0.0535690315157128,0.0273520792953389,0.0119736223556564,0.0170523941296792,0.00734493339900946,2.29477163281533e-10,0.0137899979695984,0.0239287321591195,0.135477843270402,0.0276362462535962,0.105196175734079,0.129064067224749,0.0208431897774842,0.184346199659777,0.1026848300746,0
"Bulk_0092",0.0139879813329611,0.00996532072336344,0.00774714495971109,0.0245137134764402,0.0124140778598742,0.0680676105644193,0.100782210173013,0.0143833308297486,0.000406343499149282,0.00363138275542384,0.00409211921966181,1.62851850389676e-09,0.00878585965036236,0.0251455897266743,0.115691724383272,0.0373637141730183,0.236942624451845,0.082600458176669,0.0174786318071093,0.150038633979923,0.0659615266288427,2.36156979719054e-19
"Bulk_0093",0.00124763887776526,0.00385103281770302,0.00583316330909243,0.0499739412750411,0.0118328639434677,0.00117149971217945,0.0329136737999614,0.163275624813696,0.0214765031486806,0.0104506578379183,0.00501032198717412,0.0018211653917188,0.00326376064166139,0.0373476405686838,0.125070014459897,0.0424854034136024,0.0057603974646733,0.143861801819742,0.0390989904946506,0.206270893226119,0.0808550489874529,0.00712796200911964
"Bulk_0094",0,9.4801730722673e-12,7.4427636718146e-11,0.0105728220450792,0.013591033498974,0.00570466144805139,0.030005170069387,0.0113939801457681,0.00679314224821662,0.00698633565924583,0.00390976163961637,0.00116508398752303,0.00139365586411788,0.0305935758781511,0.167059745342171,0.0552162290440328,0.143004201180766,0.163666752932996,0.0328631208353465,0.23219173093383,0.0838889971628203,0
"Bulk_0095",0.00650499221930216,0.022200922118807,0.0085371829960396,0.0600267572342223,0.0327873726198349,1.77421547380829e-20,0.00608582684137862,0.0535183723830112,0.00489385520491153,0.0155135497604052,0.0146001759296309,4.14790973161663e-21,0.00562091423257083,0.0187697424249214,0.125009417294101,0.0343808199801889,0.0912999429452071,0.142012683513673,0.0239407896543719,0.221926665056599,0.112370017590824,0
"Bulk_0096",0.0148103481754996,0.0318055758485562,0.0447421491708421,0.0231423563279996,0.014881576875457,0.00694006877138474,0.0153600519039837,0.151419161900086,0.0447347034009775,0.00976673500074012,0.0518588416609976,0.0216866539855353,0.0158693794285344,0.0208290620903425,0.0974116921162499,0.0210322350537458,0.128402603224175,0.0785737383683647,0.0164831529919312,0.132759764388723,0.057448421422608,4.17278932659222e-05
"Bulk_0097",0.0171429011728321,0.0509621015294751,0.0190659437278006,0.081360028110214,0.055077897998213,0.063782281901125,0.0644779389636176,0.0148224834153672,0.0951058916576168,0.0455249232443671,0.112001416631598,0.0554780665727578,0.0284826987064997,0.0175103020337742,0.0513850055560662,0.0269305439687028,0.142186808056479,0.0149037435466446,0.002810652715087,0.00957221794963518,0.0314161525421277,6.19719425146296e-20
"Bulk_0098",0.051841308872666,0.0557111952580376,0.0432522580939471,0.118405720051384,0.0597245818559641,7.42415977801492e-11,0.0476106230042183,0.195360571550197,0.111330159886577,0.0781229200876756,0.0338567957022991,0.017812371307874,0.00669198224507904,8.58381504071168e-11,0.023057300662585,0.00806835955082276,0.0881054967954146,1.32930204388307e-10,0.00550066762913993,0.0176074617147946,0.0379402254383136,0
"Bulk_0099",0,1.68969553031453e-19,9.6389670438595e-22,0.0853734178797242,0.0273589684433475,0.00136880820770395,0.0191141054316148,0.0881965336662606,0.0403669661018866,0.0337678798395156,0.0130700460767332,0.0108895155577708,0.00431876438020342,0.0405510526559549,0.11784864185016,0.0442457184539568,0.148229464719603,0.097589436983096,0.0134713260785273,0.156724283876013,0.0575150697979282,0
