"","Endothelial","CAFs","PVL","B-cells","T-cells","Myeloid","Normal Epithelial","Plasmablasts","Cancer Epithelial"
"Bulk_0000",0.0319746997267851,0.0993323806910856,0.0041066625825359,0.0168337735496451,0.0514356642874554,0.00585578931457355,0.0195771266958488,0.755927359145422,0.0149565440066484
"Bulk_0001",0.0873074608117698,0.216229135462529,0.0406503535559969,0.181213074222717,0.0983433261583147,0.0664176089004401,0.209313749552354,0.0718661763570957,0.0286591149787827
"Bulk_0002",6.59896803418157e-08,1.53180771638367e-11,0.0406985806705347,0.180109346911589,0.0437651514294586,0.167497603117531,0.206836712432284,0.295878778109419,0.0652137613241862
"Bulk_0003",2.07442807220371e-07,0.0486943098687136,0.041477202746148,0.127339965716364,0.228313001950085,0.0195165156341397,0.0812847794443734,0.392269423199289,0.0611045939980796
"Bulk_0004",0.0450103224128246,0.0978399425292352,0.0221545919256135,0.125075464042657,0.0603934603964461,0.0326456403077379,0.173080902643255,0.286989588144589,0.156810087597642
"Bulk_0005",0.0438431538416583,0.0036218288754887,0.00590293927246528,0.0157401123329322,3.44402358163763e-07,0.219083833149008,0.0114708273858221,0.69999050661972,0.000346454120547038
"Bulk_0006",0.00377302738386068,0.0276978162350162,0.185708519347995,0.0192558289840518,0.0875750122819727,0.144586334248457,0.0692921610535997,0.445983122545003,0.0161281779200434
"Bulk_0007",0.0474013387864836,0.00988095056116036,0.101137780843249,0.0936010872332286,0.056308683165066,0.0036351257776667,0.105069094349401,0.58238402561954,0.000581913664203935
"Bulk_0008",0.25675371656623,0.0446731309753573,0.124402098799946,0.13999088804923,0.261239403731052,0.00883309647493427,0.0465179753601312,0.109047258936394,0.0085424311067264
"Bulk_0009",0.0307929290669898,0.319039757113852,0.045114903523649,0.0300287725493549,0.191181477473272,0.0490189904681558,0.179827964722772,0.129821344811999,0.0251738602699553
"Bulk_0010",0.173138653419108,0.00499259355436844,0.137132645582134,0.00469257015894398,0.0157021393036098,0.0758524295353423,0.358575282358021,0.176075951871277,0.0538377342171957
"Bulk_0011",0.132415989615524,0.0560982159843729,0.0420356499059082,0.0508955653868777,0.375481052217648,0.00344716604237075,0.0704413029055748,0.259066154454363,0.0101189034873616
"Bulk_0012",0.130834834697351,0.00905855957079555,0.0317123502829051,0.156281941226813,0.260535054148856,0.0142769999116561,0.0890136103771672,0.301311958029453,0.00697469175500332
"Bulk_0013",0.00989219271644189,0.0723517365791139,0.0473286364012893,0.0932838583729858,9.99297483862126e-09,0.119620541662409,0.145427635232832,0.463539344774484,0.0485560442674698
"Bulk_0014",0.0156637993490244,0.122170044757505,0.0192275724246907,0.0369474641997487,8.04621988908778e-08,0.0147958655826248,0.117428355592286,0.608941288612695,0.0648255290192262
"Bulk_0015",0.217474409169632,0.0360887200363335,0.0706293251337531,0.238273136830709,0.154734638488439,0.0394733433059032,0.0625211118944993,0.176275590776874,0.00452972436385674
"Bulk_0016",0.332894817979985,0.00467520770201352,0.0215106296949627,0.0255549283105688,0.365836582760797,0.011109829136552,0.017847294841844,0.219944823934236,0.000625885639040782
"Bulk_0017",0.106828792572455,0.133264965331496,0.0752806001838779,0.31615539183463,0.108234967435836,0.116779104655352,0.061591572152947,0.0768488624966224,0.00501574333678409
"Bulk_0018",0.159165307006309,0.244482193147421,0.026941410257104,0.0742334934239322,0.0234522506996782,0.0275314476674046,0.142772499918175,0.247443601350755,0.0539777965292217
"Bulk_0019",0.194222293255456,0.0757635562796201,0.169479066624921,0.140170944226553,0.155911775332903,0.104177497635293,0.0491174523790927,0.0495604803525315,0.0615969339136304
"Bulk_0020",0.332115001244898,0.154754490099612,0.0497572985510685,0.0653460183436866,0.0438664434716525,0.039909135180601,0.0618795548781194,0.164522783653718,0.0878492745766444
"Bulk_0021",0.016520358106143,0.237143734052421,0.13090086865342,1.67558711021419e-07,0.0110868982706279,0.0841329375853483,0.0840920094158083,0.431109651318037,0.00501337503948351
"Bulk_0022",0.292029848881208,0.0328219437409072,0.0849452343879235,0.0447891873997766,0.0350736744472178,0.0281293809366609,0.11521833220719,0.193993183745608,0.172999214253509
"Bulk_0023",2.31115538590532e-12,0.0380103817348299,0.0673729988774305,0.00249946917028966,0.0181483772858309,0.0569642511090091,0.0847603602469126,0.73176578543317,0.000478376140216135
"Bulk_0024",0.108887440178985,0.0389002602447235,0.0935301281733159,0.101452664338465,0.160531383200268,0.0488201890863696,0.231061819194655,0.00980356785715251,0.207012547726065
"Bulk_0025",0.0769759307600658,0.0587628449224951,0.0750800722278803,0.00363732725840132,0.132010446924414,0.117718524049759,0.286263516569255,0.23338187983398,0.0161694574537504
"Bulk_0026",0.15192720685033,0.0543091934949384,0.188175650767689,0.0612736229364774,0.0611996554300811,0.0583713337517356,0.262169469344355,0.124275182946887,0.0382986844775062
"Bulk_0027",0.0214056351343138,0.0132932623535671,0.04921592287655,0.0649503571883627,0.153005702582429,0.112448250024324,0.16287250203283,0.40012434668665,0.022684021120973
"Bulk_0028",0.00886218545838328,0.117202240453436,0.166557309287008,3.15131933872254e-07,5.96256298686239e-07,0.137766911689402,0.0947924113301195,0.467904730198491,0.0069133001949284
"Bulk_0029",0.0411953557970412,0.0547096040294742,0.214342422287854,0.007472818116337,0.0655809617159376,0.115757391551096,0.0431988107598968,0.453090879793361,0.00465175594900159
"Bulk_0030",0.0693478315342546,0.0153050643298788,0.0599543994008846,0.138520360906657,0.234403991302234,0.226107597650124,0.141064259532013,0.0980950132631921,0.0172014820807612
"Bulk_0031",0.27593446831234,0.0799398229095164,0.19676714815566,1.90469549973908e-17,0.0978055642840273,0.050908951294878,0.158668378285815,0.132561177029661,0.00741448972810344
"Bulk_0032",0.0825604434885248,0.182388417497753,0.293970485597987,0.0418683612121654,0.160274960256554,0.0770355203541166,0.121482177169363,0.00506908559697789,0.0353505488265583
"Bulk_0033",0.00165731938081163,0.123663497962346,0.0655611447246739,0.253586770075067,0.0145729741064653,0.0412873677841951,0.161579935944673,0.140269897880907,0.19782109214086
"Bulk_0034",0.114335160652502,0.293257207365827,0.0369762041377598,0.0508302209396821,0.0528565456956102,0.057353211814205,0.0601139447295104,0.305792236638236,0.0284852680266673
"Bulk_0035",0.181853731903987,0.0602684456404337,0.103680688890687,0.0193923152449431,0.0450313403565135,0.0675974510891222,0.0504306188030557,0.470113639251507,0.00163176881975167
"Bulk_0036",0.131094905222577,0.0438960498837434,0.211030680144538,0.0656450979857596,0.157756246990291,0.00408081051882522,0.056544650893717,0.273878425232412,0.056073133128137
"Bulk_0037",0.0759327510112446,0.0123168034852129,0.0142464623898989,0.124019048554655,0.0840143177013124,0.0149715845147063,0.0350341076425053,0.591938396442363,0.0475265282581021
"Bulk_0038",0.403454296670072,0.0262024875697638,0.024117296161854,0.0668409432291798,0.0462766767021376,0.0485901778039843,0.186061213023479,0.179374662231242,0.0190822466082876
"Bulk_0039",0.0271279987539466,0.00247124502487012,0.00620462158186592,0.0110917497196577,0.0390520519961751,0.00044540861735111,0.0701305781164034,0.836694280211745,0.00678206597798518
"Bulk_0040",0.288674364425859,0.0457232432046403,0.269215926334503,0.0977318548665277,0.0155612707730515,0.0871880416718136,0.0480236794304786,0.129355459116239,0.0185261601768878
"Bulk_0041",0.0311010337762832,0.152631303535158,0.0176145951975327,0.100786738796663,0.080937122548287,0.206327454915181,0.029384577682595,0.351239710016272,0.0299774635320285
"Bulk_0042",0.0284538925926332,0.0526612716401724,0.101668387516421,7.95472556191062e-08,1.30788902242777e-07,0.117262869238009,0.17970443961925,0.499412444508415,0.0208364845489418
"Bulk_0043",0.131965764241895,0.0590922914009052,0.054696290162402,0.164478868631073,0.148129870175284,0.0420829476590968,0.162233383016911,0.22431174517662,0.0130088395358126
"Bulk_0044",0.155840945441986,0.163814123952561,0.0347258608216402,0.0659825283128826,0.269372439983086,0.00854145041507568,0.0989346681350411,0.0474726263046945,0.155315356633033
"Bulk_0045",0.134829366002673,0.337014566494603,0.130298656504199,0.146101671362012,0.109811464164804,0.014823364495034,0.0410545996356022,0.0818488371322334,0.00421747420883899
"Bulk_0046",0.0991383080285869,0.0194747915579055,0.135834332873843,0.137804871362399,0.055776552203628,0.0432243852386378,0.1241241310591,0.252456959929819,0.13216566774608
"Bulk_0047",0.00479728350670415,0.107478672841909,0.0781599563225803,0.295162405574106,0.132807582351434,0.162405545187665,0.094057772759728,0.0880926746017579,0.0370381068541149
"Bulk_0048",0.0235286200514724,0.0273848469660307,0.360146549936614,0.0393702780413176,0.111282602407964,0.0804911892725477,0.0479128124957342,0.297339862622023,0.0125432382062966
"Bulk_0049",0.304391331610289,0.0103146772351174,0.117894117162434,0.0777004301869675,0.21656047937037,0.0518863813297441,0.118607201587655,0.0827957487802807,0.0198496327371424
"Bulk_0050",0.00976501627661789,0.200717658091362,0.109140690075851,0.0122610989727848,0.0974327862874523,0.116156708292827,0.0464494039405068,0.401375723699646,0.00670091436295303
"Bulk_0051",0.0111270418966949,0.120358989803553,0.231657352144518,0.0234850284760217,0.20248064367392,0.228647643832571,0.110857002356617,0.0535426259983203,0.0178436718177848
"Bulk_0052",0.216277502457622,0.0416463787925496,0.0523475015069664,0.0111889301769302,0.00630496652225638,0.150309948655931,0.051864663387082,0.395691715486325,0.0743683930143374
"Bulk_0053",0.0353933341802242,0.0519729431958321,0.0331148647489465,0.649306920599562,0.128854027562093,0.0688500297894486,0.0129431125597654,0.00861040287480471,0.0109543644893237
"Bulk_0054",0.0203789053772906,0.138191487786023,0.103255259205063,0.0874592983537361,0.281074504143447,0.0151952985623566,0.214628073262909,0.121889948501685,0.0179272248074904
"Bulk_0055",0.0234858005581693,0.305762514414184,0.137686578530563,0.184548545316778,0.0750414445149185,0.0274102161058112,0.144859393936087,0.0248166512973511,0.0763888553261388
"Bulk_0056",0.0405588776549172,0.0136115589303078,0.178138454275302,6.01544219345092e-07,0.0648826331025185,0.0386325712908728,0.406458253875891,0.253577664311324,0.00413938501464663
"Bulk_0057",0.091223148360863,0.224904332572522,0.307543411961157,0.115182921380817,0.0383384370829558,0.0152859278701939,0.168975267790354,0.0359595767778574,0.00258697620327887
"Bulk_0058",0.220998792114095,0.0788130017681569,0.0132316013087295,0.0951596193450397,0.111115406710263,0.165393150608193,0.100726800409355,0.212800177894764,0.00176144984140386
"Bulk_0059",0.279518256908248,0.0043215023599279,0.0148619008376791,1.46459765010773e-07,0.0483835185476721,0.0080310788940212,0.181719983693394,0.461629934839373,0.00153367745991959
"Bulk_0060",0.0747033310260416,0.0427685288865972,0.039928903810022,0.1708309737159,0.390670891442429,0.035083245759737,0.229024375733549,0.0131283634659074,0.00386138615981654
"Bulk_0061",0.10092302851075,0.0362060580514969,0.00668766002915912,0.084314344791449,0.108366582863869,0.171654377968918,0.162083992509098,0.301816246646328,0.0279477086289317
"Bulk_0062",0.0173386138194736,0.0318859993882046,0.232410021479961,0.00647239005073739,0.0564806091059985,0.0442399051858546,0.291915036462382,0.305732925710361,0.0135244987970274
"Bulk_0063",0.0711519170270372,0.00085923236112644,0.10502538599462,0.0537718986697629,0.186420248711394,0.00764443161407586,0.0229041005551809,0.5486019018323,0.00362088323450328
"Bulk_0064",0.0208674935511817,0.0440949858973674,0.0309189219869567,0.0769850028484598,0.218906004194737,0.0100777966687309,0.136301423942731,0.458964451884836,0.00288391902499887
"Bulk_0065",0.101054446881177,0.0232812938796201,0.0993173159154127,0.0285937081505703,0.00327761690051012,0.0136777519026586,0.142287335068354,0.412384713593082,0.176125817708614
"Bulk_0066",0.0189491193916989,0.028331985944896,0.0812117015498074,0.113442181639034,0.106478201887413,0.00736547573677343,0.251263786604153,0.263697803805251,0.129259743440974
"Bulk_0067",0.0675193870733347,0.0955944770371688,0.00164152600702099,0.0401865475407151,0.201864411124793,0.0387780435408163,0.36017870757464,0.18636719539275,0.00786970470876184
"Bulk_0068",0.0142428322747037,0.0446964031012817,0.0590026093518036,0.0787984430177948,0.0413281713250638,0.131114193826089,0.438841986873255,0.0709132178274603,0.121062142402548
"Bulk_0069",0.0317488261644647,0.0751409295357839,0.228033569616773,0.0419403512483494,0.0195999573680915,0.155366713058036,0.0114571601656783,0.435382826589765,0.00132966625305785
"Bulk_0070",0.0969574109738498,0.00124359437404265,0.0340289550551092,0.0411247674221718,0.0114268260605655,0.0365437692243892,0.157508758768591,0.616671216871718,0.00449470124956259
"Bulk_0071",0.00670486983528092,0.0697985029591036,0.0135535951375657,0.280941804124383,0.23913475418975,0.0528204083455232,0.16550981793728,0.162664594640391,0.00887165283072207
"Bulk_0072",0.221036458580762,0.084043659336586,0.163241702702162,0.100686176554771,0.104887122470506,0.0496149725399848,0.123172881934583,0.123413915813009,0.0299031100676363
"Bulk_0073",0.0386607150045396,0.114111147671127,0.115311561180718,0.120206899074159,0.163798130791819,0.0933603532365334,0.325045771429305,0.0245213988873487,0.00498402272444987
"Bulk_0074",0.0702116976560174,0.0322128032812305,0.0360949799809392,0.0361128289689408,1.31888046933894e-06,0.0551387579550327,0.13726101939559,0.627610406536616,0.00535618734516379
"Bulk_0075",0.205922010984189,0.00765677964785233,0.0385336456541327,0.176396616875869,0.0701895893027955,0.0101399553897755,0.259757580465963,0.036054609608202,0.195349212071221
"Bulk_0076",0.0701361517520858,0.0954273072334378,0.0882578007418577,0.038138943283233,0.0410161807596732,0.0177193643759594,0.121491549935399,0.300295036739002,0.227517665179353
"Bulk_0077",0.114877749905706,0.022222447587698,0.261103849019328,0.112135222659848,0.0303656042150448,0.267340153704068,0.108055566485228,0.0665251974960809,0.0173742089269985
"Bulk_0078",0.12090363549841,0.026230019589759,0.158422378599741,0.0796463272070192,0.245589027729534,0.156187023397439,0.0929298634920072,0.113571553160035,0.00652017132605561
"Bulk_0079",0.0103336874325333,0.0211965102894696,0.0507055731028099,0.406344656918612,6.06838175320271e-07,0.034811656940307,0.139864017168522,0.285938395846772,0.0508048954627979
"Bulk_0080",0.00184241192623853,0.291630466649617,0.0259318874969218,0.0101394548318895,0.0478757344033543,0.0444371569949522,0.209867154685536,0.348807591163002,0.0194681418484882
"Bulk_0081",0.0691767147801532,0.0361547376315055,0.0875391599543641,0.0411494568008886,0.0855543538422462,0.0620696683106466,0.189891753516583,0.425402332990615,0.0030618221729977
"Bulk_0082",0.0362514630130289,0.0575916843604837,0.169147983019645,0.0881123016614336,6.12577399950715e-07,0.0365651149490189,0.0107735804762684,0.601178610392474,0.000378649550247739
"Bulk_0083",0.115556984727024,0.0418616641691809,0.23303123416359,0.00690775572801035,0.428987603743927,0.0383183059798133,0.113374434979237,0.00224904932362066,0.0197129671855976
"Bulk_0084",0.0765395403462222,0.0396889067358779,0.176123570338892,0.308435965446383,0.196299253878596,0.00929025549284616,0.0440509257167871,0.147465746052566,0.00210583599183018
"Bulk_0085",0.0524538274151012,0.001200609607228,0.0314922749149904,0.0256277701062192,0.00133028568766565,0.0310226059063953,0.0140539609849602,0.842662369306209,0.000156296071231329
"Bulk_0086",0.235911784052079,0.132605087088494,0.0810801712865602,0.133241021318886,0.142839363593666,0.0270641093512963,0.147571249906909,0.0413390025454522,0.0583482108566572
"Bulk_0087",0.0263356584179711,0.0380769636575828,0.0606441751823285,0.017890809581916,0.0857270378890111,0.140079878461495,0.158124604174527,0.42566836058938,0.0474525120457897
"Bulk_0088",0.0101322605733098,0.255550149980824,0.0628782653544498,0.0603097802619202,0.0348895582476145,0.120724257147578,0.046915264556463,0.385771843294205,0.022828620583636
"Bulk_0089",0.116687532385186,0.0763201038780989,0.181744129435762,0.0179366371591328,0.192513972577649,0.147415784961837,0.242845063511959,0.0193880996790552,0.00514867641132125
"Bulk_0090",0.0351592233160319,0.162734621603746,0.0945278696694106,0.0395548399911919,0.255910985781795,0.0222988090354028,0.275665018177691,0.11070318852518,0.00344544389955149
"Bulk_0091",6.07652394144283e-05,0.0971151853934705,0.0139601975068282,0.221025793305964,0.0700871847945276,0.0517092954170389,0.106774793291929,0.359373293109883,0.0798934919409446
"Bulk_0092",0.108276630821802,0.0088251500091205,0.152396202878033,0.0237733831139808,0.0586925042290467,0.019950838861231,0.0825296327575413,0.542652745363848,0.00290291196539633
"Bulk_0093",0.0573976176927202,0.0340628361738943,0.0879626638977716,0.15300410330136,0.0594518751324745,0.357835152655216,0.0866919981974124,0.0659327654767793,0.0976609874723713
"Bulk_0094",0.0485228932633303,0.180474846532136,0.0495174645483226,0.146379265619253,0.115373664124258,0.00813140950235633,0.293781756169225,0.00368878194714163,0.154129918293978
"Bulk_0095",0.0169254632713621,0.00146887074222364,0.00845864045669262,2.276801427597e-20,0.0106746917173341,0.00402225171209119,0.0505328972804925,0.821057628804084,0.0868595560157198
"Bulk_0096",0.0860158266727711,0.11850509963555,0.00287838777142743,0.114892906473728,0.112847872672344,0.00600003829632011,0.473611293203883,0.0802709629479715,0.00497761232600441
"Bulk_0097",0.00830294145501364,0.00198221885453172,0.019448156575965,0.261154794915448,0.0759096552166649,0.329947784062146,0.216175096572603,0.0418617736089724,0.0452175787386564
"Bulk_0098",0.132517058503146,0.00954339669938533,0.30251557359115,6.71381944620816e-08,0.0463195627462918,0.0266038045624373,0.0779581235092165,0.40158523420608,0.0029571790440991
"Bulk_0099",0.0234838125873178,0.125381239253801,0.033136127833301,0.0621035202151265,2.04699864901824e-06,0.00712517013800192,0.0919863286086997,0.656603914846504,0.000177839518599277
"Bulk_0100",0.0454978819342997,0.017923305583388,0.182940938769084,0.132049122556591,0.339061604283488,0.0668549603443123,0.169154560040615,0.0453708988702022,0.00114672761801954
"Bulk_0101",0.182167177842748,0.0167809094733017,0.146883198100192,0.0911152230763051,0.183527861114138,0.263775557463,0.072078593582453,0.0234947367300545,0.0201767426178089
"Bulk_0102",3.94488752252885e-05,0.0184618426723771,0.14417918538195,0.0380008416378843,0.312491325165747,0.104679162797336,0.0958431635411313,0.20920274277105,0.0771022871572981
"Bulk_0103",0.00985238910202595,0.0428618006842113,0.0161281186686812,0.0165668309884606,0.0129653402898421,0.0547778801282408,0.0225999430801067,0.820103339967492,0.00414435709093952
"Bulk_0104",0.180393575414952,0.121386851997204,0.10591491399572,0.0722929948428662,0.267448496504723,0.0847612113548553,0.107188347810175,0.0501965510061237,0.0104170570733807
"Bulk_0105",0.0259299015430377,0.0268846363105278,0.0654163671102731,0.0896548894361512,5.73544451948507e-07,0.141506494376272,0.0745190190443044,0.567017755953932,0.00907036268104902
"Bulk_0106",0.145106111011214,0.0622046418221942,0.0265285433136472,6.89971850483515e-09,0.00546429922917154,0.0325465213646272,0.393001243726929,0.305275273941053,0.0298733586914456
"Bulk_0107",0.0128225963849164,0.00636939999692928,0.0597234147768445,0.136138589298688,0.0134471097634478,0.0672452057697466,0.0137455758922789,0.687173698710673,0.00333440940647519
"Bulk_0108",0.00713846136483761,0.000411087669681894,0.0152416146428392,0.0331537595884777,5.14044509924911e-05,0.0246176434458382,0.0202742233752205,0.893586749204011,0.00552505625810125
"Bulk_0109",1.06474951844667e-07,0.0901630377114568,0.314826483644158,0.104326995346856,0.0475417422698812,0.152835835535436,0.0988253623213868,0.0674953916784824,0.123985045017392
"Bulk_0110",0.11648372366326,0.0718596209881639,0.110906088466923,0.208486446423078,0.0518966401320353,0.0231222209676019,0.0137008375804043,0.403544406066086,1.57124483660051e-08
"Bulk_0111",0.271360012354548,0.0216505315214875,0.462004125001807,0.0332113960896339,0.0296682743906743,0.0651094477597035,0.0567274536256411,0.0313750217394008,0.0288937375171043
"Bulk_0112",0.0541039116698303,0.125664758268357,0.0117564188683583,0.15989420778645,0.0953400490458401,0.017245662519315,0.0558118104085722,0.478637472255577,0.00154570917769993
"Bulk_0113",1.86030485114326e-08,0.00587999215103686,0.0790164565961827,0.0662959847108624,0.0973736216019057,0.0938247528382762,0.310518497465598,0.291912762625126,0.055177913407963
"Bulk_0114",0.0422100958988218,0.118055277770975,0.250798042959094,0.0120594519285414,2.791314188248e-07,0.0363332222972559,0.0335329258176851,0.496056936033889,0.010953768162318
"Bulk_0115",0.0492923383224538,0.0080466953207497,0.0593779334680433,0.243948059224725,0.205317746106851,0.00225144499806239,0.0467385639004371,0.385027213940613,4.71806465940787e-09
"Bulk_0116",0.0506398811793891,0.0364412405182237,0.225177731654036,4.07588601267651e-09,2.22763553519485e-08,0.0576527350995985,0.0683361379748794,0.546589865853526,0.0151623813681058
"Bulk_0117",0.05588686710652,0.0845963396402583,0.203650068666213,0.188721325720627,0.0691553084525287,0.038069218778275,0.286034953458736,0.0509009158821812,0.0229850022946603
"Bulk_0118",0.0964101444564329,0.10892188181983,0.0346233865165464,0.106723455570216,1.73652509156302e-07,0.079120781997498,0.152309005327504,0.397126256303004,0.0247649143564593
"Bulk_0119",0.247826193808854,0.14352274270156,0.0131725802529456,0.0330562634715851,0.26956123361136,0.0683096835832409,0.0452681253568429,0.173260416019983,0.00602276119362894
"Bulk_0120",0.0654755028052433,0.337488730049587,0.0190314339265942,0.0557727257973434,0.256295116517428,0.0809784639478328,0.0415320634475896,0.0282058281989163,0.115220135309465
"Bulk_0121",0.0476579077376953,0.00562680087009224,0.086667158257172,0.0111654540960746,0.325865197847317,0.0709861985253706,0.194812928297282,0.194371196859327,0.0628471575096694
"Bulk_0122",0.00856700232791554,0.131183730444546,0.0135070657355371,0.16588133690405,0.0450392418533044,0.0709501162970074,0.013100386375492,0.541655997780114,0.0101151222820338
"Bulk_0123",0.173109230656318,0.151675749300331,0.00770613858729275,0.0578144663832121,0.115547086673647,0.0478657625004236,0.0546343384905289,0.378388274420453,0.0132589529877937
"Bulk_0124",0.0339480472006343,0.302769746612494,0.111961957907233,0.0234541334431803,0.0173538215077371,0.0347936205420863,0.310208691527024,0.0912051829919082,0.0743047982677023
"Bulk_0125",0.00407532398257014,0.132790245391813,0.0389787160282886,0.0453347540087741,0.272341350325763,0.0307020899868546,0.127407095005743,0.342277598401725,0.00609282686846822
"Bulk_0126",0.107255235669904,0.00576986061547271,0.0213777907382285,0.0607721170858026,0.0117204811051267,0.145290564534776,0.0318796796932942,0.597912431766613,0.0180218387907825
"Bulk_0127",0.134452338478016,0.048255740415944,0.0493630770838512,0.293489545439526,0.0803438032057569,0.024475190928103,0.167235323387294,0.107972366233229,0.0944126148282802
"Bulk_0128",0.141780758668312,0.0422417561786859,0.141265402156365,0.22648758346193,0.00580926891746842,0.0615210546266947,0.110569270406796,0.238381364902723,0.0319435406810245
"Bulk_0129",0.0200085541080985,0.0697539418125155,0.14418979611066,0.14814159252952,0.104222866638224,0.0717812267036125,0.10592292089732,0.329708815344241,0.00627028585580891
"Bulk_0130",0.186784839333804,0.0570207620287584,0.0707377600149764,0.154336240069611,0.0308266170578402,0.0367993339161679,0.325131732693214,0.0982946777758923,0.0400680371097356
"Bulk_0131",0.257874687014429,0.00276726063191831,0.163072381313757,0.166453206485318,0.0923326357607594,0.0770307706972637,0.171257594615551,0.0334483936124573,0.0357630698685465
"Bulk_0132",0.10096817014611,0.0374425185116818,0.0511089839245682,0.409110005265754,0.0801126318881047,0.031400664803542,0.134033726741303,0.0878057456959399,0.0680175530229969
"Bulk_0133",0.0716114473318463,0.161954573585753,0.106896946650442,0.0379478172793185,0.0157933982241328,0.0312671895989194,0.0138888845709401,0.557008864051772,0.00363087870687568
"Bulk_0134",0.0189906970625324,0.0178906788383443,0.112622641070096,0.12650809203252,0.186713612840033,0.00806034179887915,0.146652501288988,0.201938181352781,0.180623253715826
"Bulk_0135",0.164985929088872,0.0195355558592219,0.0997963267907286,0.0366846452517309,0.373529849471512,0.0345327733478349,0.0530951830203856,0.197339687279053,0.0205000498906614
"Bulk_0136",0.289998379862094,0.00457706162547509,0.0194349755883996,0.15647409337706,0.164371011422108,0.0576519130837031,0.0393519314004561,0.257153690401907,0.0109869432387974
"Bulk_0137",5.20358527423737e-07,0.140411838388639,0.272752485712103,9.03498259280131e-08,0.0129687336832818,0.0467908713048154,0.280872626871436,0.233517369819628,0.0126854635117437
"Bulk_0138",0.0088852041277664,0.00930756884299465,0.258621279300934,0.129641058600303,0.116726716904296,0.0281051299162417,0.0620632960414776,0.313037950778212,0.0736117954877741
"Bulk_0139",0.0956485830732983,0.00443373254069578,0.0244505697114543,0.0110116671345845,0.29588245015321,0.013713296892547,0.00610511452618699,0.548754580105227,5.86279612212031e-09
"Bulk_0140",0.0398744967567191,0.00223290427917143,0.0484014165483537,0.207084212524802,0.0424941744446644,0.0091087731893756,0.246836400511149,0.369585551051509,0.0343820706942554
"Bulk_0141",0.00639840417594766,0.10142081249107,0.166423147037396,0.0397561369988622,0.228912448594913,0.0525433175135279,0.0794058776581588,0.265366623798327,0.0597732317317975
"Bulk_0142",0.00764256681498019,0.0380660342650859,0.00698499064431801,0.0320936953205936,0.0424527212163583,0.004768159231389,0.0186726962112065,0.842957888970251,0.00636124732581731
"Bulk_0143",0.0769914990956903,0.00563085952139882,0.212540224798327,3.40933412683783e-07,0.0343422117803383,0.134202237403559,0.00558393243287642,0.523155653920735,0.00755304011366186
"Bulk_0144",0.134919252720218,0.0409349901168246,0.223255819972625,0.301951184626133,0.0736569289440586,0.179670870427965,0.0129850056418522,0.00636591086188804,0.0262600366884356
"Bulk_0145",0.00791725702203574,0.0921583404191861,0.0214174582823376,0.0363035347422856,0.296144185743245,0.0880001838878389,0.263938043854587,0.0960345704782825,0.098086425570202
"Bulk_0146",0.327257291511732,0.0424041905883494,0.0833866147598915,0.0624481891131666,0.0888995809118928,0.147701616491673,0.0452337901031083,0.193191627954395,0.00947709856579082
"Bulk_0147",0.0182506352857684,0.0288938135605607,0.00365480109829942,4.57349509530123e-14,4.09784775659903e-12,0.00225966088944907,0.0736290425007278,0.861786265873979,0.0115257807870724
"Bulk_0148",0.000370870611274275,0.0155794244806922,0.20039933640791,0.0375198586111319,1.67494787716409e-08,0.00855465460036956,0.0609878188810968,0.664638933067134,0.0119490865909131
"Bulk_0149",0.0379516910471856,0.000268242455028342,0.0976941119457002,0.0732607846489473,0.247669003041139,0.00413387730882546,0.134280482839158,0.402742656312617,0.00199915040139878
"Bulk_0150",0.00184207220751562,0.188334530888667,0.217817519664458,0.139122231978706,0.164514940886435,0.102116715856351,0.0629601757855129,0.0842590536008961,0.0390327591314593
"Bulk_0151",0.0216862591221677,0.00982386108865388,0.0228497961675675,0.00271500496039502,0.161887928054177,0.0576632815967323,0.169992940585423,0.53771387171685,0.0156670567080341
"Bulk_0152",0.122312576469093,0.262027242599851,0.157008252218043,0.0253747840432377,0.0402870428936144,0.0103328669910995,0.224267544192622,0.15338899708703,0.0050006935054095
"Bulk_0153",0.109931811838373,0.0586786345873024,0.109236179998674,0.138975130369631,3.25760998343328e-08,0.0061500143379191,0.0553744210265941,0.517824836929111,0.00382893833629522
"Bulk_0154",0.0984198618779131,0.0681463709581739,0.061272804088626,0.00482727983351784,0.0971313049755504,0.0116175847543578,0.116339572141239,0.536138960464443,0.00610626090617852
"Bulk_0155",0.00979084154223292,0.225635774130676,0.102734295195773,0.261467957712982,7.51035690573989e-10,0.183516683480776,0.0572883070814083,0.141383652842021,0.0181824872630947
"Bulk_0156",0.100455541209811,0.0828164775118019,0.00969399226880487,0.0169251708184834,0.315874702747395,0.044119412142356,0.115557017919754,0.314135095637321,0.000422589744271602
"Bulk_0157",0.0643000958385211,0.00347297192314835,0.130382270153048,0.0612421114424261,0.0904821396364463,0.0351421961838822,0.271823272719814,0.339686743007079,0.00346819909563479
"Bulk_0158",0.0181639795844837,0.0179532128021519,0.0549940908550999,0.10018052299642,0.0352771567760063,0.0106294669088841,0.403477582419224,0.353781808723503,0.00554217893422683
"Bulk_0159",0.0489893370524345,0.0281337272936918,0.140852269784807,0.000537093721807396,0.0560819155533573,0.147531786633891,0.176246458949148,0.381907208254487,0.0197202027563763
"Bulk_0160",0.00535778061889805,0.00201208463405591,0.0676865047945134,0.120107406232677,0.11546267266014,0.0650588352226173,0.0121202936648736,0.600243394242958,0.0119510279292668
"Bulk_0161",0.00526351770088395,0.0955560347507858,0.0852096953442326,2.77760418271493e-09,0.193015124407242,0.0741361003442855,0.0918461750594749,0.435874017412768,0.0190993322027232
"Bulk_0162",0.0309277915223471,0.0152604885166451,0.0515925690194307,0.0338654141196123,0.0105828883843418,0.00546864119911313,0.258252880425865,0.569598667041268,0.0244506597713771
"Bulk_0163",0.018074723245878,0.0140583085653705,0.0421140688606279,0.107003633228954,0.0943513952587621,0.0180580087298919,0.300891370851832,0.334239262361672,0.0712092288970128
"Bulk_0164",0.0979106888883876,0.00464303393145171,0.0910583624582753,0.00915395882216687,8.80482516854268e-07,0.0464620943762283,0.0475286407419701,0.701008631788011,0.00223370851099255
"Bulk_0165",0.0569782631963923,0.142603946143975,0.132637125903153,0.26268249503409,0.0509046668535877,0.0151835703708038,0.198748532694472,0.121522947190187,0.0187384526133389
"Bulk_0166",0.0279075759183159,0.0137584956801101,0.0711093361202808,0.198283033964555,0.172444703960617,0.186223435865034,0.148124075060906,0.151055950676273,0.0310933927539084
"Bulk_0167",0.0650629007046423,0.316528838566128,0.0675191492291043,0.16208667772116,0.13120777415107,0.0403049022569912,0.135966752226634,0.00875943635587853,0.0725635687883927
"Bulk_0168",0.0141699670793244,0.0219811290283667,0.209467297591399,0.00507608062301687,0.0482352937132764,0.054820580329082,0.0981042593643888,0.514763803679553,0.0333815885915938
"Bulk_0169",0.0216241852292149,0.103811911730811,0.0507744968670587,0.105227486046601,0.0267508707210444,0.0288896235280794,0.170603139181135,0.399135827902334,0.0931824587937216
"Bulk_0170",0.0502337039830637,0.034597694857751,0.0343301789893335,0.0680738685259527,0.0589690818085701,0.0221700127539721,0.00296903660311337,0.728656388490653,3.3987590110544e-08
"Bulk_0171",0.000867398225692216,0.0271884599319962,0.10137299057108,0.0785291083507812,0.00318089342259151,0.0391070729000989,0.11082755799527,0.55944102432196,0.0794854942805288
"Bulk_0172",0.0553109651385356,0.0910325979678043,0.133249462796735,0.0753673387543894,0.153707254202006,0.117750633824241,0.106563713636353,0.256333543535347,0.0106844901445879
"Bulk_0173",0.0930201895342275,0.0885341785447631,0.0272597038977153,0.117767848073816,0.217482286447671,0.0292548385689799,0.137408689374242,0.26777369818885,0.0214985673697351
"Bulk_0174",0.0624373698472636,0.073880630972058,0.192064093454616,0.0596045298262872,0.409542923891534,0.0759114241676119,0.0390232316576422,0.0558177184489824,0.0317180777340051
"Bulk_0175",0.0164348451551463,0.0334426279894475,0.365003620818681,0.267779348128111,0.0927687692693181,0.02678123152097,0.0567875461272816,0.0745417417122926,0.0664602692787525
"Bulk_0176",4.81564576517213e-08,0.000117280277498758,0.0389896025254906,0.0529914072657512,0.0630461933832176,0.0115803949335483,0.040492519061956,0.788905976889199,0.0038765775068806
"Bulk_0177",0.025893641776538,0.220229465622906,0.0365811945115919,0.113386119186189,0.0611303482030212,0.0375231687864794,0.103670220796973,0.374342627765136,0.027243213351165
"Bulk_0178",0.0203424285426476,0.042156377894079,0.0139740345956958,0.103408633653489,0.293694099713094,0.0389939041931106,0.105368246087123,0.372981109097598,0.00908116622316377
"Bulk_0179",0.0197976992732484,0.318485786489614,0.198431784933512,0.0321927205554906,0.0335478241665185,0.0313056423297571,0.180574875287579,0.032297719880146,0.153365947084133
"Bulk_0180",0.110491803701496,0.0134061081085309,0.0838547933417599,0.469721537773269,0.10579663195436,0.0368823698331288,0.0682477631885612,0.0362013465769777,0.0753976455219171
"Bulk_0181",0.175961465690854,0.0621508002163763,0.149348619326727,0.313037476682544,0.062765543176283,0.0226329009174541,0.129375525352113,0.0505713108547186,0.0341563577829303
"Bulk_0182",0.1655814089458,0.0368246522420411,0.253176956367576,0.402672043637208,0.0540541770411471,0.0205963946564234,0.0228356963239456,0.019723698778904,0.0245349720069547
"Bulk_0183",0.0241114462897075,0.125835506455838,0.142104115116527,0.0182497574317278,0.178946683911872,0.123864413202036,0.0917567238421635,0.187796934174843,0.107334419575285
"Bulk_0184",0.0433786513638668,0.00608029941412918,0.00505261662296404,0.056739946134275,0.0106367745639214,0.0376602155852928,0.010208500190382,0.829743241438256,0.000499754686913123
"Bulk_0185",0.100800460956475,0.0474165966727535,0.00991504466559238,0.151824376656398,0.22954089677086,0.0663804682928265,0.306981692778003,0.0527861356070234,0.034354327600068
"Bulk_0186",0.0454665097166627,0.0799065602860761,0.126730147038634,0.168681414587877,0.400999313639815,0.0154958651538596,0.125256847622335,0.0316485102892163,0.00581483166552393
"Bulk_0187",0.356257205396038,0.0919520511823244,0.120943222791014,0.0147262397570994,0.00856084015649166,0.0449121425288939,0.0446003043960812,0.296474877647261,0.0215731161447968
"Bulk_0188",0.102034190832926,0.190173901785506,0.0651198874264177,0.0121737955176085,0.270294120452912,0.00629674457280658,0.232606530077104,0.119499334115685,0.00180149521903393
"Bulk_0189",0.00591973137758049,0.040103582304698,0.0804098672733713,2.53176245565089e-08,0.00910224959440576,0.0414388187674579,0.0124154381977368,0.808593192455007,0.00201709471211823
"Bulk_0190",0.04876698434257,0.0463026499116059,0.165090994340132,0.266374788693618,0.294276288010747,0.0562029587038583,0.089853278942243,0.0201166491942168,0.0130154078610087
"Bulk_0191",0.109318973673838,0.0476376404386377,0.0500511851365081,0.0138030007178024,0.53568706255641,0.0458875299709463,0.0738494170925128,0.114675551387293,0.00908963902605212
"Bulk_0192",0.0451590226862541,0.107889801824198,0.0565817008812929,0.146570253370722,0.0092086210557732,0.0324650509842813,0.379546579406264,0.161508623683751,0.0610703461074635
"Bulk_0193",0.155193964424663,0.139962877464797,0.0495099639447894,0.0861857835811704,0.0210611009720466,0.115794496834597,0.0902443476261281,0.33339568739212,0.00865177775968834
"Bulk_0194",0.0220796663219659,0.023995261692538,0.0310040412879463,0.00319032399492175,3.28695559853108e-08,0.00254565397197103,0.0343558438018097,0.830724502280923,0.0521046737783685
"Bulk_0195",0.122356771308264,0.0301708041420264,0.191905043692939,0.248965335180591,0.275110237546172,0.02780214518996,0.0568869341623342,0.0218363127718273,0.0249664160058863
"Bulk_0196",3.08264288370497e-09,0.0538224161843763,0.126278311547551,0.0342888327326277,1.02516864086129e-08,0.0103855735565796,0.0676724994798997,0.640008982781063,0.0675433703835736
"Bulk_0197",0.0788758506474453,0.0367875342334897,0.260989121592482,0.180043184697465,0.0334865616596982,0.169338596387526,0.150788472938287,0.0687189121076459,0.02097176573596
"Bulk_0198",0.0440861794869727,0.141637482661507,0.142754419498779,0.145965661774839,0.321041322450035,0.0176166356143204,0.154187400851276,0.0101719081502467,0.022538989512025
"Bulk_0199",0.064089195627432,0.206160378252088,0.288556554582077,0.0798757808792937,0.150507860672549,0.00922435592199709,0.0639760092113584,0.129509927794302,0.00809993705890277
