,Cancer Epithelial,B-cells,CAFs,Endothelial,Myeloid,Normal Epithelial,PVL,Plasmablasts,T-cells
Bulk_0000,0.3,0.08022732313022538,0.03927674183378912,0.22720259844155796,0.17736064098776616,0.0472509656096186,0.09166200829676313,0.03277173229889664,0.004247989401382963
Bulk_0001,0.6,0.09815644086585396,0.012331825348857427,0.08001600383434937,0.022835073082321366,0.11917634008590934,0.020653834402654118,0.03505440714713635,0.011776075232918098
Bulk_0002,0.8,0.007702041081878667,0.05227770147987506,0.023544698661891936,0.01622187542226588,0.0146264812727527,0.057391688346856214,0.0036916258718578334,0.024543887862621728
Bulk_0003,0.3,0.10533911549958437,0.060547889909568796,0.14179169908638636,0.20357109210525245,0.027822284517466385,0.025908568308498643,0.07337060226095013,0.06164874831229285
Bulk_0004,0.5,0.022370418716153573,0.013797102686213685,0.001989756127870696,0.15060093444665418,0.014966191033430776,0.08257412359320086,0.06978008694291349,0.14392138645356278
Bulk_0005,0.8,0.006539543299827257,0.0076931045913557344,0.021919403272480986,0.021862757650100286,0.02245066215745206,0.05141737357329116,0.016759864076646876,0.05135729137884558
Bulk_0006,0.2,0.07571654060466149,0.03900700039028664,0.017677148765581307,0.18573415975638122,0.07237923034765162,0.08387855363644031,0.16899641720666914,0.15661094929232824
Bulk_0007,0.1,0.20778429267681495,0.09443608029045869,0.21825362129728124,0.1484988550129566,0.0513840159882691,0.08806322196561665,0.04673969067239221,0.044840222096210795
Bulk_0008,0.7,0.003841914086905886,0.008515648933184997,0.03925054250795642,0.13415875144434078,0.028029716848322103,0.04423021271694901,0.008861078967888136,0.03311213449445267
Bulk_0009,0.1,0.10390657987080093,0.2214938295167708,0.03743923732353414,0.23290412656526036,0.04966805849284606,0.04935767639104443,0.16776546163858816,0.037465030201155256
Bulk_0010,0.3,0.01782903149664018,0.04181219148834308,0.08027377508616257,0.015793717252231096,0.10421933559910596,0.12198385905781521,0.1004479104265217,0.21764017959318022
Bulk_0011,0.6,0.0212831310636872,0.09615990911988684,0.047925357846614336,0.007829453480307077,0.11538662759137167,0.044557648683533325,0.048052546248700055,0.01880532596589954
Bulk_0012,0.1,0.011188455997501632,0.175586330538943,0.23998966521390225,0.008137553681021908,0.03218042779181689,0.23130318812406012,0.16478894589447485,0.03682543275827943
Bulk_0013,0.4,0.12213811762808219,0.1409847752077328,0.028456404196256176,0.0026644356973586237,0.0986215599659072,0.10026201196280392,0.07735590594235871,0.029516789399500344
Bulk_0014,0.1,0.08424044791563584,0.009555834639041057,0.2580142191055965,0.061433048634784646,0.0995596756042863,0.04945626421369245,0.18907974064785815,0.1486607692391052
Bulk_0015,0.2,0.198609242400717,0.0331133340269254,0.04065312004117649,0.1366463719634315,0.2292401657526996,0.020736876696088258,0.10807537690147928,0.03292551221748247
Bulk_0016,0.4,0.01806162346232345,0.0929099238832426,0.11984397888261561,0.022368339553619724,0.16548969054827747,0.04235260341803053,0.07599983506793148,0.06297400518395917
Bulk_0017,0.6,0.03524008288676537,0.014120091666965469,0.017335996350361683,0.13471912183765142,0.017998894880888495,0.032994182537182455,0.02357599968680564,0.12401563015337946
Bulk_0018,0.7,0.014566071372132956,0.08351997088706072,0.01470614499748663,0.01606625571820986,0.04524398272898224,0.00847648139810802,0.0015640297320499911,0.11585706316596964
Bulk_0019,0.7,0.05032651324197055,0.02393769792648132,0.005428526099921845,0.07736810949157576,0.0017684263638422266,0.08955292156662413,0.009396494752806734,0.04222131055677745
Bulk_0020,0.6,0.04811069387486472,0.00861703996832168,0.03259820893082146,0.05509561433842,0.09950899477148148,0.06942368221739184,0.032487733039101775,0.054158032859597055
Bulk_0021,0.3,0.0018969925542166818,0.0026468601988175267,0.10425508244723802,0.0236132798973946,0.06120531605156657,0.017413493103732337,0.4246531967902431,0.06431577895679104
Bulk_0022,0.0,0.03842986870105168,0.05975505396779262,0.1854220334988758,0.006068040399883786,0.34038864245959477,0.06112792943607689,0.13232638957099682,0.17648204196572778
Bulk_0023,0.7,0.03114055170043761,0.09164345859617455,0.07368807386794479,0.0016961989909185385,0.006753272351876401,0.010306470271308432,0.02780599211507789,0.05696598210626183
Bulk_0024,0.0,0.11704763005259017,0.1635706051281315,0.18961774487390065,0.057384688097969115,0.15119370270818577,0.02482840386784302,0.02224692762604677,0.2741102976453331
Bulk_0025,0.0,0.1570633855743393,0.0775043127340282,0.0524451067383343,0.29458049600260855,0.035764675139732444,0.21150170160318696,0.0256271481254557,0.14551317408231446
Bulk_0026,0.1,0.016801796721792255,0.11931099968603046,0.1337330092246779,0.05427164472675074,0.41445756083041274,0.0024950572397569775,0.07502172613805412,0.08390820543252493
Bulk_0027,0.2,0.10604791218223364,0.006232769886122462,0.18223413830875335,0.06585154027229143,0.046713054535411865,0.008144093109043486,0.1310822100303532,0.25369428167579067
Bulk_0028,0.3,0.017155328572849078,0.03947591291058687,0.05495143118528794,0.04987206619464159,0.0259769309141721,0.06756130860598257,0.3672890133773513,0.07771800823912846
Bulk_0029,0.4,0.004691919486064102,0.004916835795687032,0.07523868929576123,0.44321254908164964,0.01368891778475369,0.009835168694604034,0.036383780778024316,0.012032139083455963
Bulk_0030,0.4,0.05576545504776127,0.05280736679485194,0.050811235289553336,0.060550526787360705,0.0161179726872918,0.12351648007641239,0.21829370761318093,0.022137255703587624
Bulk_0031,0.0,0.029548352369131718,0.041575600798528414,0.14376399770060128,0.19054578141205583,0.0862837145892624,0.0010696409744241386,0.08823664897246343,0.4189762631835327
Bulk_0032,0.7,0.018490398270504697,0.11131559786062857,0.022924651786899206,0.05536041555441001,0.02671238790462633,0.0004860936249945753,0.021189726070956007,0.043520728926980654
Bulk_0033,0.0,0.22285759082776793,0.20992826169026912,0.08333451269306243,0.04721306374703843,0.11732751007499617,0.02460580598211438,0.17837463945539073,0.1163586155293608
Bulk_0034,0.3,0.020342996637300482,0.017878735151388027,0.06417469735725362,0.03115360019742064,0.115800064139181,0.016846065394917457,0.3139594672576217,0.11984437386491702
Bulk_0035,0.3,0.04799389896398929,0.03520188715441056,0.053421650079024476,0.14664938065534244,0.10659261022412377,0.19329688118294852,0.07103540125957061,0.04580829048059024
Bulk_0036,0.1,0.055307176675910855,0.07376464423370956,0.13136330275190522,0.1138592259377055,0.03936374245339897,0.12306984897637617,0.1893168030196711,0.17395525595132266
Bulk_0037,0.1,0.02619050247593331,0.1371128697058236,0.15057888704533692,0.041968710058117566,0.24284464695229332,0.1841673256769833,0.051488041592490666,0.06564901649302116
Bulk_0038,0.9,0.009693774758044942,0.007612137047281321,0.0033761912693110797,0.014432263261072378,0.004234080040003829,0.01961297204173712,0.022269419839254644,0.01876916174329466
Bulk_0039,0.3,0.0010094957479160843,0.0650777219060675,0.20239846035684222,0.08907401323349232,0.027068626372854235,0.008518681757674765,0.277738219126648,0.029114781498504858
Bulk_0040,0.7,0.014127714857219578,0.03330025265723602,0.02559345145361471,0.014763493990902557,0.07380573103308431,0.06008980714521863,0.06939637933965691,0.008923169523067305
Bulk_0041,0.6,0.02717286977642093,0.006527732362005928,0.04477213304077987,0.11477365660955507,0.010565498277126027,0.027666978528369725,0.06699380078826599,0.10152733061747649
Bulk_0042,0.8,0.04627044666334961,0.01480632462526683,0.017096137305005168,0.045072951331926236,0.04232521252746723,0.021072497134863415,0.006617113493706185,0.0067393169184152835
Bulk_0043,0.2,0.09064586186712276,0.09845060589281755,0.009454866060677474,0.07890994606287177,0.15820072870307333,0.1037771782706847,0.2551925721313634,0.005368241011389149
Bulk_0044,0.1,0.046647122773458255,0.015006705335411057,0.03797379014507455,0.29085929916671693,0.2002764911662105,0.24350344870112337,0.05147528686443742,0.014257855847568031
Bulk_0045,0.6,0.0380073435699159,0.011138626927726152,0.013240019791069977,0.08661117525339601,0.03186740305241349,0.18368424362483726,0.023085888189091734,0.012365299591549523
Bulk_0046,0.3,0.08513996750803593,0.04426117702249804,0.10192162819355238,0.024604928502020507,0.09857977859438746,0.01339779487166942,0.08287227446409963,0.24922245084373668
Bulk_0047,0.0,0.010192072689897254,0.07979610875373333,0.49369511588159964,0.08184915578469626,0.14021112990991125,0.09868524546836265,0.00029053383999869266,0.09528063767180106
Bulk_0048,0.6,0.08165880417255722,0.09176370961510716,0.014230339212482655,0.057456626148921754,0.02730580183280509,0.04490712116531888,0.034756110391935234,0.04792148746087202
Bulk_0049,0.6,0.002194749426972289,0.03374454604538973,0.0010728505684057283,0.06815732741023323,0.07015709912942356,0.02211439516296601,0.12566590921606807,0.07689312304054143
Bulk_0050,0.9,0.0007604172046979941,0.0178791376752313,0.019807341250280643,0.002181712620087256,0.005160061609494049,0.019315158812226993,0.006561619442634993,0.02833455138534673
Bulk_0051,0.8,0.027106114308030508,0.03355278998790708,0.004425382877588829,0.005876639953607259,0.0025477395966682927,0.04138671102752422,0.07940637156581451,0.005698250682859267
Bulk_0052,0.0,0.26920664887546936,0.06522260731620964,0.06461771531510695,0.10663127879639195,0.12394075296056555,0.017858724043241368,0.24782466147637572,0.10469761121663933
Bulk_0053,0.8,0.0019713060994008508,0.02032565947109474,0.02176767778109679,0.054214510223474184,0.011291341625917243,0.0181012917292655,0.019943154175142915,0.05238505889460772
Bulk_0054,0.8,0.008029354224811854,0.0005128339759298945,0.021023022413463086,0.0378915173301644,0.01849222512441425,0.011345211621227985,0.08280593862331606,0.019899896686672434
Bulk_0055,0.0,0.0860508064907779,0.2384780799470651,0.003320242764997713,0.00968902483958114,0.07975002816069146,0.12325009907565002,0.13175357325932135,0.3277081454619154
Bulk_0056,0.7,0.0345832138132458,0.010658245811864751,0.04079271412405954,0.008221864594239821,0.012011014800479293,0.027135022374666858,0.10338472528538138,0.06321319919606269
Bulk_0057,0.5,0.09062418299788336,0.05912288367798424,0.07093068711676428,0.10659864416891605,0.1047018021750825,0.0203530556836515,0.012489115654028852,0.03517962852568912
Bulk_0058,0.2,0.027132768886094963,0.032535967901971725,0.08754921167016688,0.05794650774728741,0.0076177977581952175,0.1079364988214387,0.2666658287099653,0.21261541850487992
Bulk_0059,0.6,0.10096248007937808,0.010363449342155849,0.05628166504656632,0.005323406175522618,0.010425038252764918,0.1308424592466492,0.08446153617666516,0.001339965680297863
Bulk_0060,0.8,0.042127103814139186,0.011178471332401295,0.006615038832826353,0.007947623712709672,0.04597104297977781,0.0542013192960335,0.01405231389242971,0.01790708613968243
Bulk_0061,0.3,0.13333611457021113,0.06277274568488433,0.034592956631046876,0.06764846588782117,0.09717802712667005,0.031722700471020146,0.05636275703850537,0.2163862325898409
Bulk_0062,0.8,0.019923236575048513,0.005304358357973483,0.020389399414858598,0.0023911906676170208,0.003188066999708938,0.12220927066298153,0.007923503518267861,0.018670973803544023
Bulk_0063,0.3,0.025781161158267087,0.06394107216123493,0.09370836529827818,0.10080889245622884,0.050988843383326106,0.1557251193086831,0.057540866898920795,0.15150567933506084
Bulk_0064,0.5,0.1183985380763606,0.006213617544661346,0.029944256644388396,0.022435296236370843,0.10643021369363093,0.022399142227141115,0.07987192897648834,0.11430700660095842
Bulk_0065,0.4,0.10710791290665474,0.06713976773133495,0.009967409492192733,0.24477893536993317,0.02955825174846041,0.026280344423601113,0.06341788270631993,0.05174949562150292
Bulk_0066,0.5,0.09187179233228296,0.032075683479643305,0.11402916381304318,0.16647281776086575,0.042125543522351684,0.01315260629584836,0.03308072092741025,0.00719167186855464
Bulk_0067,0.8,0.09459540509444117,0.0520799377319973,0.0018601173826710538,0.0011508981856677958,0.02380698184353314,0.01635084467839596,0.00900055174984425,0.0011552633334492588
Bulk_0068,0.2,0.09727239936383313,0.06188909185514081,0.13687874973696584,0.2619872336324737,0.1291188134698596,0.03300365274209317,0.022757117736767116,0.05709294146286662
Bulk_0069,0.9,0.008544573402472984,0.036966231366380414,0.02138498458056352,0.003253977272056232,0.007847470925253498,0.0017277237132484549,0.019865159465425653,0.0004098792745992212
Bulk_0070,0.9,0.002594115777129542,0.03898517582042125,0.01829639193214155,0.004715895854383803,0.008175455746517681,0.022993818558411976,0.001833344280071546,0.0024058020309226345
Bulk_0071,0.8,0.018522482628381756,0.024472763372844302,0.030727874904226148,0.02284038332523767,0.009812798108926867,0.04959145583877557,0.01729667438058473,0.026735567441022956
Bulk_0072,0.2,0.13422088045952177,0.065830817082265,0.10895116575119979,0.06001286125691077,0.08781699741194643,0.16256344696626376,0.013776705712059703,0.16682712535983277
Bulk_0073,0.5,0.014564006855991364,0.11637180649656971,0.018182673366085568,0.1275045924329706,0.0019441556154329558,0.1494779456197448,0.008898344193603127,0.06305647541960195
Bulk_0074,0.9,0.010208700399438954,0.0011509988764248794,0.03052532822118828,0.0053669511929953645,0.017579746723459376,0.017412517825532013,0.002180840477508347,0.01557491628345276
Bulk_0075,0.4,0.11435045470298152,0.02530439672142725,0.00698341453477675,0.06448934322964398,0.1337570732029843,0.05336429914220854,0.17533633441816537,0.026414684047812408
Bulk_0076,0.6,0.1833912780405741,0.06943270471320251,0.011739146531629283,0.015898412396217778,0.014148314327987053,0.009251594717223042,0.09533169120735978,0.0008068580658065103
Bulk_0077,0.4,0.0715698874489203,0.07522390024138616,0.07820535516039008,0.07353173130778265,0.09104775853992911,0.04997004888816601,0.0870742446406232,0.07337707377280253
Bulk_0078,0.7,0.020904801349026794,0.021125148526187708,0.12075685458587454,0.014907598124095872,0.07467721327850611,0.019550282280761302,0.004362333361188892,0.02371576849435883
Bulk_0079,0.8,0.001225803130300572,0.01928139596111076,0.1273870449175984,0.0014544608677727444,0.0008943767857962773,0.0015028818226303217,0.00086538605195633,0.04738865046283455
Bulk_0080,0.2,0.07411201880941487,0.149465230377222,0.0367232724253462,0.0540172693057204,0.10444591438411695,0.012638652466073267,0.24464643964343993,0.12395120258866654
Bulk_0081,0.4,0.20791736940839098,0.04487013529772801,0.09597054267526747,0.0642871053313574,0.08647546831559906,0.04283403115745424,0.05302483791357763,0.004620509900625322
Bulk_0082,0.1,0.08339825972586369,0.2584296788686587,0.32591128886231086,0.017487046279257786,0.09646689488382346,0.06684184173170399,0.04591256588798469,0.005552423760396937
Bulk_0083,0.0,0.06358230008266474,0.010490283969411767,0.05342426712158855,0.3118355557205223,0.29220686327589696,0.03408134711380272,0.05129948932969535,0.18307989338641747
Bulk_0084,0.0,0.34406754695457026,0.20607089555692856,0.08359387416803568,0.05668447606130617,0.061615816112016525,0.03236056505127602,0.016592995906370506,0.19901383018949625
Bulk_0085,0.7,0.011006910983341216,0.06739442037274415,0.010844275079459417,0.034869785704760264,0.030361980644161596,0.05911519246493725,0.04024143950350566,0.04616599524709043
Bulk_0086,0.7,0.012302593005292474,0.009061041070640692,0.011312170238635486,0.056413681543844074,0.01797625257578764,0.009723058456177944,0.11814022539747045,0.06507097771215131
Bulk_0087,0.0,0.09041585913833233,0.11551342596381899,0.17013574017494965,0.16767326107129615,0.018850627715656074,0.26031994614017157,0.0983525456248914,0.07873859417088382
Bulk_0088,0.2,0.12142280074329076,0.09759032884329247,0.009033012921195533,0.03609603169961364,0.009976762884093705,0.09053288211103992,0.1253413722492536,0.3100068085482204
Bulk_0089,0.1,0.000669440050293009,0.07812796753594435,0.05555720783760342,0.013532123567159993,0.14639421930243846,0.025112166849243247,0.3052120319771577,0.2753948428801598
Bulk_0090,0.0,0.23421792552527618,0.23931491096998977,0.146996316245594,0.07126461949547293,0.08327254780971559,0.08945500471939749,0.003108349127178156,0.1323703261073757
Bulk_0091,0.3,0.045117815240824075,0.07572904456366242,0.05287631238436212,0.15968586230743725,0.021407673964227,0.09954245222116485,0.15680891418003495,0.08883192513828726
Bulk_0092,0.2,0.06367867275557781,0.061701340768843885,0.10567981481528671,0.128026697429792,0.032983227504971,0.06550450870043632,0.29804433035725525,0.04438140766783702
Bulk_0093,0.9,6.0434740616445055e-05,0.001027970679108677,0.025705094155162866,0.00038602131055869677,0.01454806359807535,0.003162909967755847,0.046400540705642306,0.008708964843079797
Bulk_0094,0.2,0.14956024211099694,0.003817711254321691,0.16883022580893536,0.020411366461076882,0.041844263325964665,0.2511630705714648,0.02464326998914595,0.1397298504780938
Bulk_0095,0.6,0.00989783254926385,0.009960488224060881,0.029576209712307552,0.03075281981616215,0.14017287031186407,0.01618231182533604,0.12247896380828321,0.04097850375272229
Bulk_0096,0.8,0.022199635602084954,0.11854648271844445,0.0011524564423299555,0.0222501674235143,0.015609663975470221,0.0029817904466863734,0.010285042252484932,0.006974761138984767
Bulk_0097,0.5,0.01412334796528451,0.0031083736205385296,0.0380434305276241,0.005241494662537809,0.10600571242937135,0.044071820902724344,0.28930778990380746,9.80299881118836e-05
Bulk_0098,0.3,0.07710958667896195,0.1310086422893572,0.2479448432420939,0.03403869203859901,0.08142906462781993,0.013389907486977966,0.110023760536793,0.005055503099397007
Bulk_0099,0.0,0.052331966473735336,0.054363178955331555,0.2881781799832115,0.2636993904053896,0.1793329792211916,0.017167456805454014,0.1186878490596511,0.026238999096035272
