,B-cells,CAFs,Cancer Epithelial,Endothelial,Myeloid,Normal Epithelial,PVL,Plasmablasts,T-cells
Bulk_0000,0.0006112068636565021,0.0010006066734818916,0.01990444207782025,0.21295386718427475,6.192394523568456e-06,0.03729487454781787,0.008610319287611225,0.679068784443122,0.04054970652769197
Bulk_0001,0.09251134557788754,0.13393810723318336,0.003916491910011809,0.0026463217037908534,0.3648175906191505,0.011890735557300176,7.721882607264704e-06,0.3822152744010683,0.008056411115000283
Bulk_0002,0.2954274244062133,0.006092613467439656,0.0014861938628540957,0.00020004886405828456,0.0032516049270590857,0.012701122394036072,0.1559384669570806,0.016806040024612754,0.5080964850966461
Bulk_0003,0.05465222596426426,0.03129179913091608,0.18739811052593078,0.02356172806437855,8.400507264634873e-06,0.00794053797013029,0.00011921148071845645,0.07692423912667401,0.6181037472297229
Bulk_0004,0.023298329113641318,0.47603489399340126,7.655435825088646e-05,0.0005953720440378561,0.0006510424609148132,0.0027489756669642177,0.43184050502990695,0.06410038372678668,0.000653943606095956
Bulk_0005,0.1316402078538876,0.09122563414206045,4.3779953999702997e-07,2.053430629277102e-06,0.6747388597877801,0.0236325471088602,0.0002715462669933785,0.031023804352483277,0.047464909257765864
Bulk_0006,0.019568581227734982,0.16045741444432043,1.0757640406448677e-06,0.018087849901762768,0.11566320313070069,0.01632068745151788,0.08633942751830898,0.33186038150573977,0.25170137905587386
Bulk_0007,0.009261231208293435,0.010893151771438904,0.0002792620536256562,0.6942411284016011,0.001243622458691892,0.029594500148693463,0.2454170030207483,0.007982511690378799,0.0010875892465283556
Bulk_0008,0.07953066376245845,0.05292426163215064,0.09259920919982972,0.007333821053781965,0.3650641172103066,0.30213645524707666,0.0030111197392443884,0.09507501426586414,0.002325337889287363
Bulk_0009,0.038806674726939286,0.08243134925215943,0.010141468746007867,0.08764250035832889,0.07763798089879899,0.6941927682625333,0.0015631349895855774,0.007567857149667579,1.626561597882819e-05
Bulk_0010,0.4633433923794319,0.09961956643740186,0.2939300474421761,0.010338314548876092,0.06193670002951317,0.0014155217103542085,0.008664757650422766,0.04159593670196894,0.019155763099854846
Bulk_0011,0.001131981639600449,9.507817191764094e-06,0.0026453594777644304,0.3343014006314063,0.05190930500012217,0.07596389218362626,0.0002573929945651788,0.016346963829069274,0.5174341964266543
Bulk_0012,1.6846827976183462e-05,0.0005844074970445692,0.3771632596674648,0.0007847818862814978,0.12462754668625471,0.0002790238496919791,0.4683297798436501,0.010172692736086435,0.018041661005549672
Bulk_0013,0.0005890552918262784,0.022441796473073823,0.16463240066433704,0.5602518425867702,0.09456105808571683,0.0015475781793356925,0.04773054779880809,0.027687312081104767,0.08055840883902726
Bulk_0014,0.006508384369529659,0.084698733728143,0.12009168650587244,0.2740512712132772,0.012074202665688314,0.32212062958063925,0.030583019961457514,0.12180522691226002,0.02806684506313257
Bulk_0015,0.13260952345322005,0.3304383797983881,0.00013187994914115128,0.004342908239308648,0.035574202230252976,0.0884770047818198,0.3420523778832829,5.699312519086296e-05,0.06631673053939537
Bulk_0016,0.4422807288604086,0.008158411945093355,0.2999072018440787,5.89813647021883e-07,0.013337250511083509,0.07592502127265677,0.0012144202671508651,0.15915990232677624,1.6473159104853834e-05
Bulk_0017,0.09679371066027126,4.459073253939142e-08,0.5409466253543027,0.1890710334867578,0.1038427304610305,0.00365601805651842,0.012479820227187384,0.006846473517330731,0.04636354364586851
Bulk_0018,0.26644878376501374,0.047943763285306466,0.06780789606313997,0.04988010559859753,0.0028521360045034613,0.031149991174604236,0.4623297763757769,0.049887835402750484,0.021699712330307302
Bulk_0019,0.262800186003187,0.24428892387415854,2.249934627932723e-06,0.3836791569432076,0.030330325030352254,0.05595095568942553,0.02289990233070959,2.5383771203270337e-07,4.804635661970753e-05
Bulk_0020,0.017390818718423604,0.007720209984685122,6.1530056420571605e-06,0.0034873303289230796,0.005171835583679581,0.7179770391360184,0.22710938788755344,0.020789321213940122,0.0003479041411345555
Bulk_0021,0.007703285967345537,0.0194248402453137,0.00024535082300117115,0.5944248941256421,0.03093005074276837,0.04918660420816819,0.10729661478908278,0.03538310349214578,0.15540525560653248
Bulk_0022,0.05441007730802346,0.07308121168515223,0.17513615803877353,6.160310361248088e-08,0.0022683331800324564,0.4200926681820342,0.2694475435075764,0.0006448052479349563,0.004919141247369086
Bulk_0023,0.10550267971902931,0.0002323539677791877,0.00811728685776594,0.0054178001734707035,4.654664062124786e-05,0.07454619682625327,0.0009851152645618834,0.022749401717308788,0.7824026188332097
Bulk_0024,0.31815595266851215,0.04978460956874122,0.11708856375359462,0.1789177768773554,0.12449761573557967,0.02080080061509214,0.1614449405667773,0.025154652823568213,0.00415508739077914
Bulk_0025,0.03488320015114379,0.08598782333968565,0.00020033382179329763,0.0390058419370709,0.009283840791545999,0.025064265846625532,0.6382045151490482,0.15899474071799025,0.008375438245096343
Bulk_0026,0.38971845312088915,0.16856066715520568,0.009024422323200049,2.391404199771609e-13,0.00022550588790572258,0.08508510914550431,0.3325275705337206,0.002771259706178385,0.012087012127156713
Bulk_0027,0.0007112839742694877,1.302320923758463e-06,0.8014240837764821,0.07436956586129188,0.10352737104701876,0.0081519991809318,0.008691325880662798,0.00027266870021596605,0.0028503992582035362
Bulk_0028,0.0249890994707697,0.2667015169813882,0.01158748121991678,0.014131231484456863,0.008928825899911856,0.007602154216545546,0.4190795586816596,0.2436145051073101,0.0033656269380412315
Bulk_0029,0.02929299012082947,0.23554522777772244,0.03891233311075419,0.044634344426407596,5.989441284838242e-08,0.0644833278746071,0.39651575239311254,0.1889397247037065,0.001676239698447345
Bulk_0030,0.37388171521881397,0.1784342332606926,0.030049233377062494,0.3381202921849513,0.006264377882720222,0.05463378616153601,0.00022618627298052858,0.012425997494806232,0.005964178146436815
Bulk_0031,0.37869956444245917,0.0120525158660249,0.06916219787707659,0.1255929976945678,0.12701268731819879,0.10062243229061461,0.015921489315719798,0.10032126018969698,0.07061485500564121
Bulk_0032,8.914168334841272e-07,0.3766314549186181,0.11352505410948473,8.11905191178041e-07,0.11034348040122,0.26275815919771617,0.0017433752941247189,0.011023835571818533,0.12397293718499289
Bulk_0033,0.0005923680343260303,0.39027862909048255,0.002135276354395576,0.02571313825879799,0.41372000302258066,0.0001761655191507674,0.0023160140862129776,0.012875996454462295,0.152192409179591
Bulk_0034,0.00419118478401385,0.0009040271311302145,0.1283765423154128,0.0005908382177239438,0.2996968828483969,0.565042034946529,0.0002614572186528976,0.0006600524320105299,0.0002769801061298057
Bulk_0035,0.13385194897370678,0.20769289528676038,0.0002742682800918877,0.0002893848915769139,0.35234354465457846,3.372135532440322e-05,0.1694834713521247,0.06180100623905902,0.07422975896677739
Bulk_0036,0.00759325028146423,0.16973291846489413,0.00022350155721689535,0.4512744697477922,0.0001780223891259749,0.13941723724113922,0.023143874731648896,0.15210778702942473,0.05632893855729385
Bulk_0037,0.01975728825588827,0.17849185810288726,2.3792496614517716e-05,0.21537420111461322,0.2437711272385311,0.1777331287470707,0.026258604802393684,0.00015201065617490448,0.13843798858582634
Bulk_0038,0.09539852603416482,0.0026281989102303446,0.10607185555564924,0.038786584529239845,0.5076209659980084,0.0030814223309790644,0.1914581901396207,0.00996684349106507,0.044987413011042476
Bulk_0039,0.05136951486389644,0.08733059527517559,7.791716908241663e-06,0.0015212329144410049,3.753187461529752e-05,0.2159511783935085,0.2592221185054525,0.32172997153965005,0.06283006491635232
Bulk_0040,0.21203300044206339,1.3337676879027085e-06,0.05667402489179107,0.05717730229854055,0.009803780683057949,0.6234407875593071,0.013733228775189779,0.01120649102935053,0.015930050553011617
Bulk_0041,0.05307726245228509,0.43130683134972225,5.5520132323437645e-05,0.16987016812197048,0.1543620638967687,0.0005696589558145224,0.042427925142856635,0.004167956141242419,0.14416261380701634
Bulk_0042,0.022871319083461447,0.019294800268431552,0.5145673369789994,0.002074707810708249,0.18249953516910752,1.7869980266661173e-05,0.2323063949430247,2.013529437024427e-08,0.026368015630706038
Bulk_0043,0.06093581421215064,0.03163164597598321,0.005123828595550838,0.23076319006230522,0.013239861407136363,0.11375266244279625,0.00013644308454841494,0.007924021737877754,0.5364925324816513
Bulk_0044,0.13418697557506445,0.04032424172067689,9.008461136169268e-06,0.2110851855001473,0.00022570994920820782,0.5368759220624385,0.008128283335036849,0.003689689674125818,0.06547498372216597
Bulk_0045,0.017292132447504757,0.16027522646579534,0.006681945317378956,0.04482685094669032,0.5305551071063883,0.0018824463610222124,0.045859673054236647,0.15374305861797352,0.038883559683009807
Bulk_0046,0.0006761601651693942,0.0863780539071397,0.0030903524418534833,0.40786264023410485,0.0398048283046838,0.01484447262237122,0.4053418722535482,0.030357555205129956,0.011644064865999273
Bulk_0047,5.875099050540693e-07,0.47237056559717616,0.00011742766394748064,1.9516198474011505e-05,0.06686910383412928,0.19400362094840237,0.01371881680099975,0.00022215621269560125,0.25267820523427037
Bulk_0048,0.7211454759886887,0.04390399939047266,0.042562571175370156,0.0006279893236109289,0.0006955726581488833,0.041745977880544995,0.01805332956245895,0.05418514071870746,0.07707994330199723
Bulk_0049,0.023856577269625836,0.24389494178174,0.11798565811986858,0.008817392770595588,0.0002505282470134259,0.3196108100367184,0.0006466529311858714,0.2800542789937763,0.0048831598494759815
Bulk_0050,0.00011258505599684936,0.004022797729950601,1.1117697670647184e-09,0.0011341551248026218,0.4763734375870395,0.2992230840128594,0.1975933943371596,0.00014685449601972882,0.021393690544402034
Bulk_0051,0.10340680889207832,0.01964061718595222,0.06097844106362643,0.16629295726382695,0.26308568166549706,0.1074747466645286,0.2632684771486976,0.00360403917428642,0.012248230941506332
Bulk_0052,0.052640532411801784,0.029950786458429603,0.36866886483914824,0.43677865279975625,0.07524797132589914,1.9258055168827996e-05,0.0050266891943048925,0.00040629464212502863,0.03126095027336622
Bulk_0053,0.013567588719859676,0.4253177202119546,0.002709043773561189,0.002952602095200148,0.001297014020905684,0.06071172932111723,0.2028875266442131,0.12075731278802014,0.16979946242516825
Bulk_0054,0.002131945744060883,7.90962616036769e-05,0.05087370105552166,0.36685293392686463,0.3822296092551103,0.013094477988322542,0.16789294858308548,0.014209957182986014,0.002635330002444759
Bulk_0055,0.7793000826673611,0.021140012015774267,0.0006621373014875148,0.057452561452295804,0.07522607443517682,0.01702617253743469,0.014819369431716528,0.019946552400410437,0.01442703775834283
Bulk_0056,0.00017558833947862288,0.010854889532223418,0.17111464846570018,0.06816627660416073,0.02206371183846748,0.2777895739773699,1.4920245999695057e-06,0.4493210448812469,0.0005127743367528875
Bulk_0057,0.040818273980006536,0.02165192052237389,0.04873848627553734,0.18157441627105386,0.053128989260609855,0.0072799467865736125,0.00015546955053928288,0.3064960131855085,0.34015648416779726
Bulk_0058,1.1860142950964946e-08,7.982372604560275e-05,0.058432589366138245,0.0217808224729412,0.1726669835664222,0.24316425118046833,0.011939846280876174,0.4798641278120996,0.012071543734865723
Bulk_0059,0.005950707410589491,0.07916753371448915,0.29790847819015487,0.02270886207766497,0.27148282341118873,1.1790015125110124e-05,0.23117944557088063,1.6313720307481007e-05,0.0915740458895996
Bulk_0060,0.0304223256878498,0.6399224587268997,0.0140512875090178,0.1040052014810391,0.02282801138543468,0.010892067319220261,0.011937950522314231,0.00041040237536591395,0.1655302949928585
Bulk_0061,0.0007329572844873176,0.02481379709466297,0.03245702830190348,0.07963940503431563,0.11672806002406187,0.013678366516126493,0.16577059952183631,0.47551383555593185,0.09066595066667406
Bulk_0062,0.049096522756997406,0.02958927450526042,0.00467670058818881,4.3276397670145244e-05,0.050429116305866134,0.8419704167783656,0.0003345105431800689,0.00037568616118597144,0.02348449596328536
Bulk_0063,0.14253959476694245,0.3244168254430023,2.0389902271016592e-05,1.2131170456449495e-07,0.013845998112055075,0.048763570013169916,0.3870257394809514,5.039274399164332e-06,0.08338272169550404
Bulk_0064,0.3248172064602479,0.1364975259549081,0.18004454570272502,0.15857626360574306,0.021623551827508587,0.004108367601441286,0.04213197183670366,0.05856162876101683,0.0736389382497056
Bulk_0065,0.08010201322763862,0.03156298136885979,0.47876099463114963,7.830677740865795e-06,0.042766312383908545,0.07058754945259177,0.0006541150675281897,0.004426214104540307,0.2911319890860423
Bulk_0066,0.002359522646442871,0.16009851994305926,0.00976381095173245,0.4289435994605137,0.09771934762634937,0.20886989530906114,0.004209470708032223,0.004029710551670536,0.0840061228031386
Bulk_0067,3.578704563745846e-05,9.409234246724978e-05,0.0017169359074249812,0.11696777706431911,0.046722023018391186,0.21060663740598468,0.4355072928628167,0.1424695844819587,0.04587986987099986
Bulk_0068,0.21686015669070222,0.07607748243458645,0.11154428526514648,0.10370247629874893,0.26564475497436185,0.16817360928953146,0.0055400366724691775,0.046637541668043195,0.005819656706410125
Bulk_0069,0.004031356702924816,0.122170734637029,0.00928982729202167,0.12819116795605776,0.09873650481070483,0.0030777548668456463,0.029774119235657693,0.5207757997755089,0.08395273472324963
Bulk_0070,0.03327221034548259,0.13496516555904994,0.024697898187178706,0.027989138649577666,0.026616871714631136,0.22826990118116028,0.298059562782608,0.00045766601465414424,0.2256715855656575
Bulk_0071,0.023343818291246692,0.011362873624190448,0.2550548789569913,0.0012843883397524055,0.04982020313173684,0.08722890519402172,0.194944687674805,0.3760552559416195,0.0009049888456361748
Bulk_0072,0.009680365132058555,0.23232952764653936,0.0006903101912760309,0.06958783117076878,0.37923232371190996,0.04981377564994018,0.028816740321093198,0.22072251425167297,0.009126611924740891
Bulk_0073,0.5185944016547709,0.006216496423643787,0.028087654698687084,0.014108337976280349,0.11505509256968745,0.023769785904644593,0.13533972825503765,0.15771881026314463,0.0011096922541034837
Bulk_0074,1.2663218216767886e-08,0.49276538153737764,0.021533860306942158,0.007317214161899548,0.004444028355539751,0.45452824868895453,0.0014687039688063485,0.016314616543134583,0.0016279337741272504
Bulk_0075,0.00033493944349921324,0.06491750084342375,0.013358282226001711,0.012429839693990688,0.00045200373404761303,0.003259830522932195,0.10987088479870799,0.5526506250987373,0.2427260936386596
Bulk_0076,0.031422472226776535,1.3222618499727382e-08,0.037734452438601754,0.48898184604295625,2.635196693181114e-06,0.0024367721180119156,0.28350998393027693,0.14673211963162122,0.009179705192443679
Bulk_0077,0.35142440872359776,4.229180093647079e-06,0.033137424086988256,0.03357321098346966,0.00319435681620685,0.009337780221293012,0.41972085042825463,0.14960626136853428,1.4781915617264177e-06
Bulk_0078,0.1322570840944228,0.0002732729310427239,2.9831641322122004e-06,0.024396233524533253,0.8349837585160594,3.6751438939774774e-05,0.002984096250006886,0.00397526035585761,0.0010905597250053251
Bulk_0079,0.12021493007497551,2.589510702520301e-06,0.03760426906647136,0.02312582595689877,2.0952044061804383e-06,0.36106658158759347,1.0546080759059181e-05,0.01813098730121025,0.4398421752169828
Bulk_0080,0.009871377740052223,2.7480400522517776e-11,4.364557623492713e-05,0.03645914867159868,0.05050190622262748,0.02190716090858056,0.0013690084297548963,0.8796137057895482,0.00023404663412262855
Bulk_0081,1.2147144569305026e-05,0.00194346068627843,0.00021192212311890024,0.8197863620085476,1.7828108644222265e-09,0.1266074009328928,0.03844906191031508,0.012446946588984877,0.0005426968224821683
Bulk_0082,0.04156132337475393,0.3007051078777818,0.07241509428955951,0.03710202259342544,0.0027254364910270354,0.011467098910240484,0.41845506368916113,0.05305245675534728,0.06251639601870322
Bulk_0083,0.0002730630964129463,0.0520333259367849,0.02900577059399515,0.0009658069793409249,0.0013361743799720099,0.017950353212122672,0.20620991255989,0.003442109036734741,0.6887834842047468
Bulk_0084,0.00048177917796091385,0.0015784838597834344,0.07221193595137196,0.16467607266147463,0.004621345116225082,2.763570114931805e-06,0.009935384735008844,0.7103365169494891,0.03615571797857108
Bulk_0085,0.043564423845075265,0.22695106699621856,0.104234522293458,0.012458918043429227,0.00020652089519544188,0.00958833987817674,0.3037475554479128,1.5780628234620983e-05,0.2992328719722993
Bulk_0086,0.0010178314809756873,0.00024044841764993545,0.43578666476999456,0.01700226095344291,0.0031879742894420273,0.0023211147853344043,0.11470637239668278,0.0005563659849131741,0.4251809669215644
Bulk_0087,0.13163475940824557,0.2322644828684441,0.39755623927622175,0.022031758338482116,0.03298607161310772,0.05670340322864911,2.4046068234080773e-05,0.09263219920780756,0.03416703999080793
Bulk_0088,0.03887045536775432,0.40631111168285017,0.006191459188902181,0.08984574386506734,0.309092740632495,0.00990397653151,0.11070251423052607,5.781129700053477e-05,0.029024187203894457
Bulk_0089,0.004768354223592876,0.009855649690189495,0.03706739284626244,0.15856094206640425,0.7114940627227375,0.0065523559438575366,0.0016847541757489793,0.0700083324083426,8.155922864639103e-06
Bulk_0090,0.06550050018020881,0.13752807521927746,0.37631841064968335,0.16956463079996806,0.11153424993725138,0.01196921240901394,0.11100251471781875,0.016503207517754095,7.919856902425095e-05
Bulk_0091,0.07706613993282395,0.0015861260738917278,0.03248026755987702,0.02241922323504843,0.7614988909263578,0.0030022124229588643,0.002458405804389515,0.07368101444292553,0.025807719601727345
Bulk_0092,0.5765918755799644,0.0003600604635920969,0.054250629929355705,0.022726732869627096,0.0002545080905774586,0.003089054170337761,0.16702128754998705,0.12768310201015987,0.0480227493363986
Bulk_0093,0.33615866202331657,0.0637352806810088,0.04569054667279508,7.225310588190917e-07,0.2664534248972627,0.11029486175699084,0.04996874215681879,0.09901647930573207,0.028681279975016512
Bulk_0094,8.576473350377232e-05,0.02880378690796884,0.03978626179467409,0.4511798626188401,6.854530240765679e-06,0.2118128550923339,0.19770333594663791,3.888422161375632e-05,0.07058239415418684
Bulk_0095,0.06708234037470999,7.345342438605962e-06,0.07931421980839712,0.008406044541442913,0.10665869740460313,8.121413480324958e-06,0.07971041704457135,0.3549298221001703,0.3038829919701863
Bulk_0096,8.253186705356935e-09,0.0476542098270283,0.0013623880991445157,0.030302134851740735,0.03773959820749351,0.1331130585540205,0.2694316606730856,0.0023966640937165048,0.4780002774405838
Bulk_0097,0.009372246277261687,0.053688727871788654,0.04024597174025375,4.058446840011272e-06,0.02801808065965059,0.16559754673308977,0.69868537586225,0.002515692658251816,0.0018722997506137925
Bulk_0098,0.004100216933706964,0.06207604741976054,0.009644964009622949,0.03368685408750902,0.039630692266053556,0.1217809360651726,0.3623368091175665,0.2554302984070944,0.11131318169351344
Bulk_0099,0.009465621126428283,0.007722850446135852,0.15789629665591812,0.1455948338867818,0.00023549734559551692,0.04111397428944738,0.31998244618885174,0.013524291670602191,0.30446418839023914
Bulk_0100,0.0031850453915072113,0.09859490449650646,0.012629402204876615,0.1775567545247824,0.0039198812123773805,0.1754754853899625,0.0005558588151682603,0.011106287918299833,0.5169763800465194
Bulk_0101,0.0014380074694293344,0.6938103159183598,0.00024886548431665137,0.05589116016072221,0.005677349200803861,0.06378049447475688,0.17645556425469655,0.0008000655259080911,0.0018981775110065416
Bulk_0102,2.4074150992915047e-05,0.015867931344876643,0.08302527621088765,0.24040411416826282,0.03156019968053653,0.4348087827248027,0.18380329001193713,0.008714528565601858,0.0017918031421016638
Bulk_0103,0.002533095506390073,0.011199662255279555,0.0013906283087626024,0.021420385930492263,0.0038727058211980507,0.0013158955672269907,0.5209814435854171,0.027067681017607304,0.41021850200762616
Bulk_0104,0.3965346613219439,1.9300397387187339e-07,0.0066327289548945,0.015597050185599705,0.1292701881203298,0.1945501320983011,0.012723260224483059,0.1400736034171026,0.10461818267337124
Bulk_0105,0.3276848137855186,0.001743694591178778,0.046748433853096655,0.008295154230704658,0.000856839166690152,0.06494237852658397,0.007402668724942615,0.0174655573799174,0.5248604597413671
Bulk_0106,0.0009234146111282617,0.08011441338981219,0.002675645572277091,0.00329851922697892,0.09035938146164893,0.000802283106799523,0.048655316010707314,0.3974158870440599,0.37575513957658785
Bulk_0107,1.1311773614135208e-05,0.1526445804795891,0.2978698170197135,2.7132923984905728e-06,0.0696381553631994,0.16443159944479052,0.012083165812729295,0.0010420326995345122,0.302276624114431
Bulk_0108,0.026513050210208538,0.6207368020190445,0.1945120551296933,6.158511694406854e-06,5.8952405931176965e-05,0.01413756295524337,0.13662698331779627,0.0013397947704288976,0.006068640679959534
Bulk_0109,0.1668808392302958,0.014348755816307813,0.2668668457717655,0.29022127076105436,0.042925392905069394,0.02064859154441105,0.18858508223441195,0.009372301777869284,0.0001509199588149177
Bulk_0110,0.023276279931962206,0.005395882210436939,3.990892189514091e-06,0.0053494722820596596,0.3737939770556391,0.0002982540380647126,0.49776419414109263,0.09385853677406653,0.0002594126744888963
Bulk_0111,0.00023506634519320662,0.026603374285860737,0.4027122578238936,0.08116654853237316,0.0009195240666994387,0.04840786778251028,0.006747167098018078,0.11689930737257292,0.31630888669287854
Bulk_0112,0.3315328623547419,0.002466225098848545,0.5407618409574673,0.0032570493224849863,3.480425752137434e-05,0.06401620748227581,0.04086329624366147,0.01577942925707292,0.0012882850259256797
Bulk_0113,0.0005112764871762828,0.015060877292432216,0.3756973864887653,0.054488047942906494,0.3012183634360105,0.045159475732665565,6.545131425644296e-05,0.06578702829689022,0.14201209300889692
Bulk_0114,0.09980506812174736,0.0017615849257920154,0.011611251991343373,0.003161844876240848,0.5136645229918735,0.022596000066914076,0.322768447044445,0.0007949060282159022,0.02383637395342795
Bulk_0115,0.2639681916581736,0.036495753762775585,0.019387327501558266,0.19616022801975713,0.027837412397892423,0.16883518987193163,0.006455976080805103,0.055603829541548744,0.22525609116555764
Bulk_0116,0.003611847696045124,0.18970845514908385,0.17908101581243355,4.2467952054702793e-07,0.4341441785916132,0.10765156162195569,0.025478677488220212,0.042143483536744124,0.018180355424383853
Bulk_0117,0.08829153037898228,0.09048540948656486,0.04601926609563255,3.885504645189033e-08,0.00023934944993164958,0.005449550704269523,0.397666708172003,0.37167375670282154,0.00017439015474798804
Bulk_0118,0.00019509006201426601,5.910915294406511e-05,5.661637153251024e-05,0.0016159081834437967,0.9168928802008164,0.017114468531110077,0.005304666690912888,0.0555752209921883,0.0031860398150376215
Bulk_0119,0.369779683142578,0.0769157780594263,0.48689891619980985,0.00859635364786408,1.5996328432257482e-05,0.03019064177550218,0.00206452368213388,0.017724023441504165,0.007814083722749443
Bulk_0120,0.01065502137553224,0.13103695311986313,0.0006125827137910678,0.03871215602196046,0.025647511220829148,0.08962356631717198,0.1446280960233768,0.16328778069991706,0.39579633250755797
Bulk_0121,0.19873769293869684,0.22875942214688288,0.2145342145786206,0.0967150878140423,0.025596628632984543,0.07930170740696954,0.06122406415988546,0.003727296629435306,0.09140388569248238
Bulk_0122,0.023723232360441226,0.7360248626630439,0.20402831963805765,0.0016373889303563408,0.0002254577463150493,2.6894168058278653e-06,0.0001944567452680584,0.03212543974778109,0.0020381527519308133
Bulk_0123,0.0001244572400275002,0.11779886880388783,0.442387021003347,0.00031037809787556317,0.010448298732500381,0.20608441905204278,0.05865622921178459,0.0033544437690800487,0.16083588408945418
Bulk_0124,0.012001644232872989,9.087520391601737e-05,0.3104436833955739,0.2275653803623158,0.02358242863564938,0.19539006889642574,0.029077624489781708,0.007410658523330397,0.19443763626013416
Bulk_0125,0.009244195943183908,0.01775518310711672,0.17154749633063884,0.33413642809906985,0.015893009160509126,0.010605635790664963,0.20733719118600027,2.587041638535817e-05,0.2334549899664312
Bulk_0126,0.03352999126487072,0.005455841802654948,0.012587146517331737,0.018421081998802675,0.06608836155230347,0.5476466350209529,0.01634677771922367,0.2999237035970397,4.6052682005425745e-07
Bulk_0127,0.015052952750761095,0.12880533093579474,0.0015805674071303327,0.007523323136662069,0.37575260688159584,0.0008379674684766029,3.982508385614857e-05,0.46254172352715733,0.007865702808565696
Bulk_0128,0.0012945161951464837,1.0340002863711063e-05,0.29152078888972893,0.31514328499654504,0.0003531973992378313,0.0019323922343090687,0.3331509579156097,0.042683124617972086,0.013911397748587066
Bulk_0129,0.0015359930251530754,0.0019735032237909495,0.9080524990380583,0.0008018614637544957,1.3770253546162854e-07,3.983484044370973e-06,0.0020816541870779023,0.03082205068058489,0.05472831719500056
Bulk_0130,0.04580575014747606,0.06871645770737052,0.26284929092786147,0.36600686888753214,9.820537152098944e-07,0.07563518007385651,0.08989838089926663,0.0910869622702044,1.2703271717044609e-07
Bulk_0131,0.037893223510601474,0.24891713002565347,0.12426476997045756,0.4201703412955332,0.16600193685320003,0.0008019994274038932,0.0017100224858659393,0.00023397157530126908,6.604855983100284e-06
Bulk_0132,0.01364080559025912,0.0006582014149255052,0.15915805543054737,0.12653057990477165,0.07317324947820247,0.023653309173032915,0.5516345546705568,0.00042119166832522883,0.05113005266937893
Bulk_0133,0.0006576741938978331,0.0951800112038017,0.005055658314958242,0.37786643506649903,0.3297816426172449,0.1676813174124919,0.023062843160949212,0.0006906403641992044,2.377766595798008e-05
Bulk_0134,0.09857491410656115,0.1881771851397072,0.04976633090145175,0.07088787172258114,1.2074212739867328e-05,0.04847702881501992,0.26404634551789796,0.28005823441115,1.517289102589888e-08
Bulk_0135,0.029332285326255203,0.4164151684536955,0.012491122796477084,0.03825612580952045,0.010636947043681145,0.1808370831600729,0.011712539618600035,0.015084553340450148,0.2852341744512476
Bulk_0136,0.00045414493971919636,0.04462320712859164,0.00011853572739980066,0.007049819813611898,0.00011410246309228419,0.13138827387394078,0.06516416318675604,0.4152904195300086,0.3357973333368797
Bulk_0137,0.0017443076211064075,0.07291390966322998,0.00029936474721502796,0.822490776672179,0.0016784800270651277,0.004326436642894995,0.09621791047278955,3.1317764664865876e-05,0.00029749638885489665
Bulk_0138,0.10296501736294209,0.014981793067606932,0.021376087149518892,3.7283093219753256e-06,0.04801975856601439,0.3995347904006373,0.3809928926337896,0.027564444910979362,0.004561487599189603
Bulk_0139,0.3834839918974945,0.033360408059052056,0.00020171791934255466,0.0031371367842866348,0.018724146865429545,0.00011713856485180677,0.547014236206226,0.005371905882298962,0.008589317821017989
Bulk_0140,0.07522432086721265,0.0011433415571338395,0.0016542929308687496,0.07100848240069395,0.34579840495552144,0.001651633354792089,0.23996634446105242,0.0029959119512509586,0.26055726752147396
Bulk_0141,0.542610359714303,6.676021811170103e-05,0.011947596558765665,0.05879068114613896,0.04628016170997577,3.5777834862804555e-06,0.00020316385509455549,0.2837646777370832,0.05633302127704078
Bulk_0142,0.5215449044833698,0.1492844890641493,0.00044890013788051106,0.004086243188781745,0.06728120144908044,0.0015647188566502278,0.09951991043881439,0.13185718555398931,0.024412446827284405
Bulk_0143,2.0124403148490695e-05,0.13657366920044714,0.0011502111175032022,0.022110904919176298,0.0003813249047226548,0.12282650929290337,0.0023621604909216548,0.031978787771753524,0.6825963078994236
Bulk_0144,0.23200626908631736,0.0007276212343765074,0.5682941107107529,0.010368251931848966,0.14741229674911271,0.015221087897682395,0.008244607150411457,0.01735278854007898,0.0003729666994188141
Bulk_0145,0.026117225468505,0.047292765915150956,0.0016137621611549754,0.12264449818840627,0.06658097490254689,0.00021676861741974277,0.0075162766273572604,0.7278700067040162,0.00014772141544288443
Bulk_0146,0.03094853002360684,0.015228616241306055,0.4991386438868862,0.29573284361111374,0.09614602982588029,0.0010778226625889266,0.03310547768311816,0.014260979376415612,0.014361056689084427
Bulk_0147,0.06331786130482847,0.39793667463408383,0.007952530691445001,0.10316955066199937,0.012382195018836164,0.04655578255653393,0.000587297760239329,0.23967632054132673,0.1284217868307073
Bulk_0148,7.926599996427498e-07,0.0792498895813233,0.31376987114877514,9.234944612486957e-06,0.02389925952978325,0.2066344329846808,0.1941037197917713,0.030110541048820414,0.15222225831023353
Bulk_0149,0.06836753857650484,0.24422675596323293,1.8006939690136711e-06,0.000142451531092572,0.05747273305458347,0.13994485276984417,0.05673083311951058,0.43294002458146685,0.00017300970979545726
Bulk_0150,0.2503581093163639,0.05689550490993317,0.17641897855468358,0.06742555753091518,0.06407825820798412,0.09164910539810779,0.011203825605362077,0.23670758951008014,0.04526307096657
Bulk_0151,0.05450234967877975,0.12304392292077597,0.5362102205677368,0.04798924257964332,0.03555597117917472,0.15632579445214412,0.00015364256205349902,0.045959275369415166,0.00025958069027674216
Bulk_0152,3.873211152598551e-06,0.006245480613193597,0.006057325921983842,0.07149024876989843,0.116539834595847,0.1042815537801075,0.030737870623788757,0.26833661310335066,0.3963071993806775
Bulk_0153,0.00179175998501198,7.616849819177548e-05,0.026379870379790064,0.08132034952042276,0.5911108156181468,0.19331537501669324,3.1897355113394375e-05,0.10561303806413477,0.00036072556249525675
Bulk_0154,0.011698767496128675,0.0010927718615746005,0.7001763049901573,0.10459650305069716,0.07356583658253904,0.005416832313863094,2.134287334161253e-06,0.07884481182409876,0.02460603759360709
Bulk_0155,0.019778850320959558,0.00860637077266581,0.17942936499168977,0.000778357911325141,0.4211693921926502,0.08216632955293833,2.8246956383440843e-05,0.1861044751864116,0.10193861211497618
Bulk_0156,0.029558090755812932,0.016075886793354293,0.07264376235180092,0.00519536987153814,0.18021905392551696,0.5735401511276107,0.010886558512729877,0.020098425809476475,0.09178270085215957
Bulk_0157,0.010715508559974692,1.7114591090205742e-05,3.363258249009428e-05,0.01073866756379132,0.7136295592428376,0.0021112450819581875,0.0015429395925314175,0.029677964684132075,0.23153336810119418
Bulk_0158,0.014271812357010347,0.24516540049348037,0.10883715721034905,0.2991448556520376,0.10735691705099504,0.12754459750271463,0.005831076955346089,0.09175060288616581,9.757989190090923e-05
Bulk_0159,0.6485077696614803,0.04231271962637313,3.725406170333847e-06,0.002572865088036359,0.06140737952127596,0.006696714750963685,0.003367235421687705,0.026146935730859522,0.20898465479315315
Bulk_0160,0.060901620108576,0.014152103380922031,0.7796846605901779,0.10063956229146925,3.8262266370048876e-05,0.005060930555242052,0.007122022247340371,0.005839081044228029,0.02656175751567419
Bulk_0161,0.025571567149580757,0.05957184198364908,0.002771238377353696,0.48860922847683236,0.04336875605336641,0.13483847458299447,0.22385777257420297,0.01444886982329895,0.006962250978721325
Bulk_0162,1.2298575412293868e-05,0.01376865715927587,0.009594278394306422,0.0701383387267619,0.31825718342591214,9.57292358740228e-05,0.007459252616325346,0.38083224411942046,0.1998420177467116
Bulk_0163,0.39906403872370666,0.059521577386527656,9.971915076698027e-05,0.30179798898579335,0.0021418552831908755,0.02183827912022893,0.2002732938059189,0.0032295776448085134,0.01203366989905803
Bulk_0164,0.0940008513799092,0.01595469121289955,1.1329439462852365e-08,0.08427890144926767,0.18376529637013428,0.055812711873068445,0.1651917903904668,0.00782454164847151,0.39317120434634306
Bulk_0165,0.29164346089200777,0.2735845480418341,6.177552726088112e-07,0.0007379525601281157,0.1316711437536598,0.28813395521889823,1.1866112776308372e-05,0.0043092729946794285,0.009907182670743664
Bulk_0166,0.0013031069860455222,0.2882466024423425,0.15691685967299202,0.23411696649072664,6.577678845918314e-05,0.2968887860448145,4.2088957123246715e-05,0.022400870021858695,1.894259563759031e-05
Bulk_0167,0.1542415707154629,0.42192178680064535,0.1410825133001335,0.009859503271922946,0.017380134002422984,0.008548158646890087,0.06466428906064356,0.037365997244690086,0.14493604695718876
Bulk_0168,0.0009238099634065974,0.001760400951363439,0.027460522625659938,0.055577822829883515,0.5150976895238726,0.0002667161170770677,0.39879908666352143,0.00010974758096166352,4.203744253930325e-06
Bulk_0169,0.001957341834948223,0.005967594855628911,0.000464182665028992,0.06443527413027131,0.18706799769091392,0.7084171011577407,0.0010495455398384119,0.007516615331039139,0.023124346794590304
Bulk_0170,0.0002550721643962291,0.004253745243348343,0.263951515669228,0.23026962668099427,0.22124182919015462,4.624713392325796e-10,0.25269160353202536,6.86069112946207e-05,0.027268000146087195
Bulk_0171,0.06834848679794191,1.263901383911016e-05,0.026501519918635474,3.715578696191954e-05,0.6567396832739566,0.11912100311665742,2.954216244719939e-07,0.05846007144851086,0.0707791452218723
Bulk_0172,0.006346858441554529,0.7224686882968693,0.024963866984770367,0.002372165555795121,0.0007259097338389562,0.011505532021554491,0.04411768475646486,0.11928346137476617,0.0682158328343861
Bulk_0173,0.1150722610623919,5.5700853601440114e-05,0.00014686257863499971,0.015429779964321603,0.0025643070903757807,0.051338318526985845,0.01638449286571078,0.7885665717962407,0.010441705261737105
Bulk_0174,0.05644161239863275,0.11248669378301057,0.0305460589084251,0.5517013543351286,0.09441900356957057,0.05593434465741547,0.07593421154397319,0.0004930627598091648,0.02204365804403462
Bulk_0175,0.01113232042952213,0.24086292801283637,0.00041240132068891066,0.6568635771648836,0.0079097344123261,0.04163632272265234,0.012861678306241875,0.02244693487203959,0.005874102758808648
Bulk_0176,0.0026099573671533103,0.30597915806587306,0.009359321028280547,0.049502420896815065,0.023444710124245968,0.1529209802088634,0.4233479395017676,0.02702011630168792,0.005815396505313198
Bulk_0177,4.461381838522167e-05,0.019606757534603038,0.2427742891258441,0.017907486304012517,0.3975291450451612,0.17053267992407384,0.09639878022102547,0.00028587181893256595,0.05492037620796209
Bulk_0178,0.3343715291773008,0.010761915537174852,0.05540501838894689,0.0016687552353378565,0.00013523341597722962,0.050586978915925056,0.17663333887553886,0.3640412736666389,0.006395956787159341
Bulk_0179,0.29214509488486795,0.2842379713898459,0.0013536742537604669,0.019767997316371615,0.00046641653363047167,0.01827051539166754,0.0005891524433056887,0.008858583368888636,0.37431059441766196
Bulk_0180,0.00478011192466008,0.0918316261341449,0.06553435822584208,0.11589572834716168,0.5004172575634412,0.002197417019454614,0.02225970245111315,0.11480937959414557,0.08227441874003659
Bulk_0181,0.002594381244233565,0.0020013027233703644,0.001242523236966091,8.209578466650566e-06,0.37236621877150994,0.3698104956478945,0.24772793452766811,0.004018346017365393,0.00023058825252521598
Bulk_0182,0.05983650734154282,2.9279871910753634e-08,0.39002204876292,0.19909432331830512,0.01468748861881083,0.0062477908866925705,0.00017292053032982743,0.3243048900028569,0.005634001258669938
Bulk_0183,0.004141100707603559,0.06582187056121695,0.274745655282168,0.15624159480211805,0.21419155511106255,0.03991392315813588,0.0913442774247433,6.317172796353279e-05,0.15353685122498822
Bulk_0184,0.24800609822247985,0.22852583958415493,0.2230276911867625,0.05990005801831641,0.04544836541835172,0.11998941165259239,0.057767353369419745,0.001737392954655941,0.015597789593266487
Bulk_0185,1.7030469498303363e-07,0.006145848909671047,0.033440655199829944,0.13489152613929062,0.0004195144658544408,0.0066714418011300704,0.07973169368645142,0.26794163088750955,0.47075751860556814
Bulk_0186,0.0009224969164423378,0.011426795912314528,5.5218560167847606e-05,0.5143550834764147,0.007544257539836361,0.24876165417768636,0.0006898999594258797,0.1749659035842576,0.041278689873454365
Bulk_0187,0.1957738782398896,0.07301398699078832,0.3247409779883102,0.020847170090467486,0.010984693557856874,0.1846210348149626,0.17642749919986372,1.0614843019479596e-07,0.01359065296943127
Bulk_0188,0.02791715551410693,0.019529025612116703,0.8464527075414866,0.0002444957800978013,2.1234724677120456e-05,0.04279864716485826,0.02082451522054882,0.04219586629443632,1.635214767118044e-05
Bulk_0189,0.38477249134927727,0.12990771275959928,0.04071017535432789,0.02495423831660136,0.06462357904073655,0.26109286883867355,0.0002709348787805156,0.0007948630732707496,0.09287313638873283
Bulk_0190,0.5039058344672502,0.0021386844876243234,0.04945198942303004,0.0013342082908119849,0.053200351943153916,0.00012350747234223642,0.2202373703167397,0.01111859748055172,0.15848945611849585
Bulk_0191,0.23215518718452294,0.29337758110878587,0.0327569983144033,0.0019197494343600244,0.021385028003490868,6.282168725431812e-06,0.24713281717786387,0.15646332274577154,0.01480303386207608
Bulk_0192,0.0014719339490479,0.06100667640435029,0.017553836643437747,0.03352057061966055,0.40346973442855577,0.00028564310895185093,0.004277827149906939,0.03831808801652228,0.44009568967956675
Bulk_0193,0.00021301392703592748,0.0015076426317167635,0.02696668174404214,4.494668530134516e-09,0.01840859651723622,0.05098853464639056,0.0014284129832843962,0.2617952130601159,0.6386918999955096
Bulk_0194,0.21247102734198375,0.0004724245594939629,0.0005417055686284879,0.027749863450108617,0.0004862586854688856,0.09116508404594513,0.5691363076418069,0.046190873740515885,0.05178645496604839
Bulk_0195,0.5309682134681188,0.008046588577591312,0.008163182565464748,0.054453454976571974,0.013046243388387547,0.022580021956466096,0.13950831006201245,0.08938123061140961,0.13385275439397742
Bulk_0196,0.39066068119957503,0.005722293774110722,7.575489305494212e-05,8.017870856038166e-06,0.16806939499986406,0.4264508345109912,0.0019610767559088025,0.00020723728674089316,0.006844708708898167
Bulk_0197,0.05120521924190374,0.008943190540712007,0.09584263303887487,0.27136575604054575,0.00029725127535962194,0.06707813922175564,0.014278746701751173,0.45744179832632337,0.03354726561277387
Bulk_0198,8.431578002474996e-05,2.5437008150496272e-08,0.012405720322863701,0.25835684600674536,0.14446832332589118,0.15681054879627915,0.06385722030539025,0.28026073117566996,0.08375626885012755
Bulk_0199,0.08394659396409694,0.0021803618601053194,0.06225707487685683,0.09675328481749146,0.17410243286699306,2.4911832584995843e-06,0.07296479623616278,0.4984174971549486,0.009375467040086554
